ID,Act of terror,Sex,EthnicAppearance_cleaned,Age,InitialRisk,Crimes in pre,Terror in Pre,Number of prior co-offenders
12202,0,M,Afro-Caribbean,17,H,1,0,2
12376,1,M,Afro-Caribbean,20,S,2,0,5
12567,0,M,Afro-Caribbean,21,S,1,0,1
12222,0,M,Afro-Caribbean,22,M,1,0,4
12480,0,M,Arab,23,S,2,0,2
8897,1,M,Asian,35,S,0,0,0
8897,1,M,Asian,37,S,0,0,0
1364,1,M,Asian,20,M,0,0,0
11774,1,M,Asian,25,S,0,0,0
5447,1,M,Asian,31,M,0,0,0
8147,1,M,Asian,31,S,0,0,0
11756,0,F,Asian,31,S,0,0,0
9180,0,M,Asian,32,M,0,0,0
12259,1,F,Asian,33,S,0,0,0
11853,0,M,Asian,14,Unknown,0,0,0
7369,0,M,Asian,26,M,0,0,0
8285,0,M,Asian,40,M,0,0,0
11377,1,M,Asian,21,M,0,0,0
11937,1,F,Asian,21,S,0,0,0
337,0,M,Asian,24,H,1,1,3
12637,1,F,Asian,33,S,0,0,0
11197,0,F,Asian,36,M,0,0,0
5588,1,M,Asian,37,M,2,2,3
5588,1,M,Asian,42,S,2,2,5
11862,0,M,Asian,43,M,0,0,0
10957,0,M,Asian,54,S,0,0,0
129,1,M,Asian,12,Unknown,0,0,0
12319,0,M,Asian,15,Unknown,1,0,1
6418,0,F,Asian,16,S,0,0,0
12253,1,M,Asian,16,S,0,0,0
11901,1,F,Asian,17,M,1,0,2
12146,0,M,Asian,17,Unknown,0,0,0
4951,1,M,Asian,18,S,0,0,0
12109,0,F,Asian,19,M,0,0,0
11532,1,M,Asian,19,Unknown,0,0,0
736,0,M,Asian,20,H,0,0,0
4487,1,M,Asian,20,M,0,0,0
4487,0,M,Asian,20,M,0,0,0
5860,0,M,Asian,20,M,0,0,0
9064,0,M,Asian,20,M,0,0,0
12033,0,M,Asian,20,M,0,0,0
11734,0,M,Asian,20,S,0,0,0
12453,0,M,Asian,21,M,0,0,0
356,0,M,Asian,21,H,6,0,3
356,0,M,Asian,21,H,6,0,5
7771,1,M,Asian,21,S,0,0,0
7806,1,F,Asian,21,S,0,0,0
8224,0,F,Asian,21,S,0,0,0
8507,1,F,Asian,21,S,0,0,0
9071,1,F,Asian,21,S,0,0,0
11252,0,M,Asian,21,S,0,0,0
12449,1,M,Asian,22,M,0,0,0
12529,0,F,Asian,22,M,0,0,0
11595,0,M,Asian,22,S,0,0,0
8204,0,M,Asian,22,S,1,0,1
2736,1,M,Asian,23,M,0,0,0
4157,1,M,Asian,23,M,0,0,0
342,0,M,Asian,23,M,1,0,1
12226,0,M,Asian,23,M,1,0,4
5213,0,M,Asian,23,M,1,1,0
2684,0,M,Asian,23,S,0,0,0
9825,1,F,Asian,23,S,0,0,0
11136,1,M,Asian,23,S,0,0,0
12264,1,M,Asian,23,S,0,0,0
5645,0,F,Asian,24,M,0,0,0
6520,0,M,Asian,24,M,0,0,0
11468,0,M,Asian,24,M,0,0,0
5458,0,M,Asian,24,M,2,1,1
11139,1,F,Asian,24,S,0,0,0
11873,1,F,Asian,24,S,0,0,0
335,1,M,Asian,24,S,1,0,2
10789,1,M,Asian,25,M,0,0,0
11268,0,M,Asian,25,M,0,0,0
12071,1,F,Asian,25,M,0,0,0
2286,1,M,Asian,25,H,4,2,2
2286,1,M,Asian,25,H,4,2,0
4146,1,F,Asian,25,S,0,0,0
7148,1,M,Asian,25,S,0,0,0
12140,0,M,Asian,25,S,0,0,0
12140,1,M,Asian,25,S,0,0,0
5119,1,M,Asian,26,M,0,0,0
6898,1,M,Asian,26,M,0,0,0
7226,0,M,Asian,26,M,0,0,0
9829,0,M,Asian,26,M,0,0,0
11251,1,M,Asian,26,M,0,0,0
12533,1,M,Asian,26,M,0,0,0
6244,0,M,Asian,26,H,1,0,4
2615,1,M,Asian,26,Unknown,0,0,0
4722,0,M,Asian,26,S,0,0,0
6157,0,M,Asian,26,S,0,0,0
8197,0,M,Asian,26,S,0,0,0
12010,1,M,Asian,26,S,0,0,0
12229,1,M,Asian,26,S,0,0,0
9997,1,M,Asian,26,S,1,0,1
1630,1,M,Asian,27,M,0,0,0
4129,0,M,Asian,27,M,0,0,0
11724,1,M,Asian,27,M,0,0,0
1237,1,M,Asian,27,S,0,0,0
2542,0,F,Asian,27,S,0,0,0
4140,1,M,Asian,27,S,0,0,0
5418,0,M,Asian,27,S,0,0,0
5841,1,F,Asian,28,M,0,0,0
7823,1,M,Asian,28,H,0,0,0
9422,0,M,Asian,28,H,0,0,0
11494,1,M,Asian,28,M,0,0,0
2215,1,M,Asian,28,M,1,1,3
6460,0,M,Asian,28,S,0,0,0
6460,0,M,Asian,28,S,0,0,0
7468,0,F,Asian,28,S,0,0,0
11250,0,F,Asian,28,S,0,0,0
12054,1,M,Asian,28,S,0,0,0
4262,1,M,Asian,28,S,1,0,3
6909,0,M,Asian,29,M,0,0,0
10950,1,M,Asian,29,H,0,0,0
12519,1,M,Asian,29,M,0,0,0
10040,0,M,Asian,29,S,0,0,0
10708,1,F,Asian,29,S,0,0,0
11593,1,M,Asian,29,S,0,0,0
12446,0,M,Asian,29,S,0,0,0
5955,0,M,Asian,30,M,0,0,0
7801,1,M,Asian,30,M,0,0,0
12444,1,F,Asian,30,M,0,0,0
3493,1,M,Asian,30,H,1,0,1
2024,1,M,Asian,30,S,0,0,0
4447,0,F,Asian,30,S,0,0,0
5913,0,M,Asian,30,S,0,0,0
9450,1,F,Asian,30,S,0,0,0
11162,0,M,Asian,30,S,0,0,0
11406,1,F,Asian,30,S,0,0,0
11902,1,M,Asian,30,S,0,0,0
706,0,M,Asian,31,M,0,0,0
2547,0,M,Asian,31,M,0,0,0
5104,0,M,Asian,31,S,0,0,0
6286,0,M,Asian,31,S,0,0,0
9723,1,M,Asian,31,S,0,0,0
9723,1,M,Asian,31,S,0,0,0
11717,0,M,Asian,31,S,0,0,0
1446,0,M,Asian,32,H,0,0,0
2346,0,F,Asian,32,M,0,0,0
3133,0,M,Asian,32,M,0,0,0
5122,0,M,Asian,32,M,0,0,0
6276,1,F,Asian,32,M,0,0,0
11161,1,M,Asian,32,M,0,0,0
11190,0,M,Asian,32,M,0,0,0
12451,0,M,Asian,32,M,0,0,0
12451,1,M,Asian,32,M,0,0,0
2428,1,M,Asian,32,S,0,0,0
4520,1,M,Asian,33,M,0,0,0
5326,1,M,Asian,33,H,0,0,0
7448,1,M,Asian,33,M,0,0,0
11615,0,M,Asian,33,M,0,0,0
11662,0,M,Asian,33,M,0,0,0
12250,1,M,Asian,33,H,0,0,0
4639,0,M,Asian,33,H,1,1,3
6274,0,M,Asian,33,S,0,0,0
6557,0,F,Asian,33,S,0,0,0
11562,1,M,Asian,33,S,0,0,0
11915,1,M,Asian,33,S,0,0,0
12467,1,M,Asian,33,S,0,0,0
3433,1,M,Asian,34,M,0,0,0
9833,1,M,Asian,34,M,0,0,0
10952,1,M,Asian,34,H,0,0,0
12194,1,F,Asian,34,H,1,0,1
5982,0,M,Asian,34,H,1,1,4
4544,1,M,Asian,34,S,0,0,0
8943,1,M,Asian,34,S,0,0,0
10971,1,M,Asian,34,S,0,0,0
11272,1,M,Asian,34,S,0,0,0
11477,1,M,Asian,34,S,0,0,0
10045,1,M,Asian,34,S,1,1,3
7538,1,M,Asian,35,H,0,0,0
10713,0,M,Asian,35,M,0,0,0
11909,1,M,Asian,35,M,0,0,0
1437,0,M,Asian,35,M,1,0,2
824,0,M,Asian,35,M,1,1,4
12528,1,M,Asian,35,M,1,1,5
1458,1,M,Asian,35,S,0,0,0
3596,1,M,Asian,35,S,0,0,0
7463,1,F,Asian,35,S,0,0,0
9981,0,F,Asian,35,S,0,0,0
8918,0,M,Asian,36,M,0,0,0
11414,0,M,Asian,36,M,0,0,0
37,1,M,Asian,36,S,0,0,0
2698,0,M,Asian,36,S,0,0,0
4124,0,M,Asian,36,S,0,0,0
9983,1,M,Asian,36,S,0,0,0
11178,1,M,Asian,36,S,0,0,0
7097,1,M,Asian,37,M,0,0,0
9045,0,M,Asian,37,M,0,0,0
4315,0,M,Asian,37,M,1,1,4
4699,1,M,Asian,37,S,0,0,0
9409,1,M,Asian,37,S,0,0,0
9737,0,M,Asian,37,S,0,0,0
11177,0,F,Asian,37,S,0,0,0
12038,0,M,Asian,37,S,0,0,0
12178,1,M,Asian,37,S,0,0,0
12476,1,F,Asian,37,Unknown,0,0,0
7007,0,M,Asian,37,S,1,0,0
11275,0,M,Asian,37,S,1,0,3
8159,1,M,Asian,37,S,2,0,5
1097,0,F,Asian,38,H,0,0,0
7887,0,M,Asian,38,M,0,0,0
12468,1,M,Asian,38,M,1,0,3
9877,1,M,Asian,38,S,0,0,0
1440,0,M,Asian,39,H,0,0,0
12464,0,M,Asian,39,M,0,0,0
12153,0,M,Asian,39,H,3,0,3
3617,1,M,Asian,39,H,4,2,5
439,0,M,Asian,39,S,0,0,0
5114,0,M,Asian,39,S,0,0,0
11584,1,M,Asian,39,S,0,0,0
11894,0,M,Asian,39,S,0,0,0
12251,0,M,Asian,39,S,0,0,0
101,0,M,Asian,39,S,2,1,0
3617,0,M,Asian,39,S,4,2,3
2874,0,M,Asian,40,H,0,0,0
9689,0,F,Asian,40,M,0,0,0
11557,1,M,Asian,40,M,0,0,0
11924,0,M,Asian,40,H,0,0,0
7880,0,M,Asian,40,S,0,0,0
9701,0,M,Asian,40,S,0,0,0
10959,1,M,Asian,40,S,0,0,0
11564,1,M,Asian,40,S,0,0,0
117,0,M,Asian,41,H,0,0,0
117,1,M,Asian,41,H,0,0,0
5151,0,M,Asian,41,M,0,0,0
5151,0,M,Asian,41,M,0,0,0
8919,0,M,Asian,41,H,0,0,0
11922,1,F,Asian,41,M,0,0,0
5257,0,M,Asian,41,S,0,0,0
11563,0,M,Asian,41,Unknown,0,0,0
312,0,M,Asian,42,M,0,0,0
5842,0,M,Asian,42,M,0,0,0
11916,0,M,Asian,42,M,0,0,0
3451,1,M,Asian,42,S,0,0,0
6225,0,M,Asian,42,S,0,0,0
11721,1,M,Asian,42,S,0,0,0
12151,1,M,Asian,42,S,0,0,0
1412,1,M,Asian,43,H,0,0,0
7748,0,M,Asian,43,M,0,0,0
1005,0,M,Asian,43,H,1,0,0
4242,0,M,Asian,43,S,0,0,0
5581,0,F,Asian,43,S,0,0,0
10260,0,M,Asian,43,S,0,0,0
10299,1,M,Asian,43,S,0,0,0
11959,1,M,Asian,43,S,1,1,5
2100,1,M,Asian,44,H,0,0,0
7794,1,M,Asian,44,H,0,0,0
9049,1,M,Asian,44,H,1,0,5
659,1,M,Asian,44,S,0,0,0
3571,1,M,Asian,44,S,0,0,0
3635,0,M,Asian,44,S,0,0,0
4426,1,F,Asian,44,S,0,0,0
11273,1,M,Asian,44,S,0,0,0
11657,0,M,Asian,45,H,0,0,0
7200,1,M,Asian,45,S,0,0,0
11472,1,M,Asian,45,S,0,0,0
375,1,M,Asian,46,H,0,0,0
9677,0,M,Asian,46,M,0,0,0
9697,0,M,Asian,46,H,0,0,0
8209,0,M,Asian,47,M,0,0,0
1452,1,M,Asian,47,S,0,0,0
6289,0,M,Asian,47,S,0,0,0
4107,0,M,Asian,48,M,0,0,0
4107,0,M,Asian,48,M,0,0,0
1007,1,M,Asian,48,H,2,0,0
9780,1,M,Asian,48,S,0,0,0
11095,1,M,Asian,49,M,0,0,0
10430,1,M,Asian,49,S,0,0,0
1412,0,M,Asian,50,S,0,0,0
11164,1,M,Asian,50,S,0,0,0
11210,0,M,Asian,50,S,0,0,0
3454,0,M,Asian,51,S,0,0,0
7372,0,M,Asian,51,S,0,0,0
10017,0,M,Asian,51,S,0,0,0
11675,0,F,Asian,52,M,0,0,0
11914,0,M,Asian,52,S,0,0,0
7052,0,M,Asian,53,M,0,0,0
3430,0,M,Asian,53,S,0,0,0
7831,0,M,Asian,53,S,0,0,0
2315,0,M,Asian,54,M,0,0,0
11246,0,M,Asian,55,M,0,0,0
10781,0,M,Asian,55,S,1,0,2
12139,1,M,Asian,56,M,0,0,0
1755,1,M,Asian,56,S,0,0,0
11878,0,M,Asian,57,S,0,0,0
1430,1,M,Asian,58,S,0,0,0
10964,0,M,Asian,58,S,0,0,0
11921,0,M,Asian,59,S,1,0,5
12243,0,M,Asian,60,S,0,0,0
1173,0,M,Asian,64,S,1,0,3
11912,0,M,Asian,65,H,0,0,0
2326,1,M,Asian,66,S,0,0,0
998,0,M,Asian,67,S,0,0,0
1211,1,F,Asian,73,H,0,0,0
11466,1,M,Asian,84,S,0,0,0
11883,1,M,Asian,18,H,0,0,0
8255,1,F,Asian,18,S,0,0,0
12056,0,F,Asian,22,S,0,0,0
2621,0,F,Asian,23,S,0,0,0
11619,0,M,Asian,24,M,2,0,0
12677,0,F,Asian,24,S,0,0,0
33,1,F,Asian,29,M,0,0,0
11911,1,F,Asian,39,S,0,0,0
11926,1,M,Asian,46,H,0,0,0
12642,1,M,Asian,47,H,0,0,0
3954,0,M,Asian,27,M,1,1,3
7583,1,M,Asian,31,S,0,0,0
5291,0,M,Asian,32,M,0,0,0
11422,1,M,Asian,42,M,0,0,0
730,1,M,Asian,44,S,0,0,0
1798,1,M,Black,24,Unknown,1,0,1
10,0,M,Black,39,H,0,0,0
4490,0,M,Black,42,S,0,0,0
10209,1,M,Black,21,S,0,0,0
11360,1,M,Black,25,M,0,0,0
2425,1,M,Black,27,M,1,0,1
7242,0,F,Black,29,M,0,0,0
3797,1,M,Black,34,H,0,0,0
3797,1,M,Black,34,H,0,0,0
11204,1,M,Black,35,S,0,0,0
12330,0,M,Black,38,H,1,0,4
11719,0,F,Black,38,S,0,0,0
1772,1,F,Black,42,H,1,1,1
1476,0,M,Black,43,H,0,0,0
280,1,M,Black,48,H,0,0,0
5936,0,M,Black,18,M,0,0,0
12425,0,M,Black,23,S,0,0,0
11109,0,M,Black,27,M,0,0,0
11109,1,M,Black,27,M,0,0,0
5668,0,F,Black,28,S,0,0,0
6512,0,M,Black,30,M,0,0,0
11729,0,F,Black,30,S,0,0,0
872,1,M,Black,39,H,0,0,0
7648,0,M,Black,55,S,0,0,0
9494,1,F,Black,15,M,0,0,0
8144,0,M,Black,15,Unknown,0,0,0
9520,0,M,Black,15,S,0,0,0
6902,1,M,Black,15,S,1,0,2
2042,0,M,Black,16,Unknown,0,0,0
10906,1,M,Black,16,S,0,0,0
11810,1,F,Black,16,Unknown,0,0,0
11842,1,M,Black,16,Unknown,0,0,0
12301,0,F,Black,16,Unknown,0,0,0
2168,1,M,Black,16,S,2,0,4
10411,0,M,Black,17,M,0,0,0
537,0,M,Black,17,M,1,0,4
1591,1,M,Black,17,M,1,0,4
11874,0,M,Black,17,M,1,0,1
8488,0,M,Black,17,S,1,0,3
12470,0,M,Black,17,S,1,0,1
5798,1,M,Black,18,M,0,0,0
6521,1,M,Black,18,M,0,0,0
12228,0,F,Black,18,H,0,0,0
12491,0,F,Black,18,H,0,0,0
164,1,M,Black,18,H,2,0,1
11979,1,M,Black,18,H,2,1,0
2435,0,M,Black,18,S,0,0,0
6200,0,M,Black,18,Unknown,0,0,0
10792,0,M,Black,18,S,0,0,0
11783,1,F,Black,18,S,0,0,0
12417,1,M,Black,18,Unknown,1,0,2
4920,1,M,Black,19,M,0,0,0
6849,0,F,Black,19,M,0,0,0
7533,0,F,Black,19,M,0,0,0
11923,1,M,Black,19,H,0,0,0
12101,1,M,Black,19,H,0,0,0
12473,0,M,Black,19,H,0,0,0
821,1,M,Black,19,H,1,0,5
1853,1,M,Black,19,H,2,0,2
3262,1,M,Black,19,M,2,2,2
3347,1,F,Black,19,S,0,0,0
6222,1,M,Black,19,S,0,0,0
8882,0,F,Black,19,S,0,0,0
10353,0,M,Black,19,S,0,0,0
10435,1,F,Black,19,S,0,0,0
10655,0,M,Black,19,S,0,0,0
11245,0,M,Black,19,S,0,0,0
12082,0,F,Black,19,S,0,0,0
12555,0,M,Black,19,S,0,0,0
1654,0,M,Black,19,S,2,0,0
1654,0,M,Black,19,S,2,0,4
5186,1,M,Black,19,S,2,0,0
1262,0,M,Black,19,S,1,1,1
3620,1,M,Black,19,S,2,1,4
3262,1,M,Black,19,S,2,2,0
2822,0,M,Black,20,H,0,0,0
5416,1,M,Black,20,M,0,0,0
6737,0,M,Black,20,M,0,0,0
8922,1,M,Black,20,M,0,0,0
9211,1,M,Black,20,H,0,0,0
9602,1,M,Black,20,H,0,0,0
10584,1,M,Black,20,M,0,0,0
11388,1,M,Black,20,H,0,0,0
11388,1,M,Black,20,H,0,0,0
11420,0,M,Black,20,M,0,0,0
11664,1,M,Black,20,M,0,0,0
11705,1,F,Black,20,H,0,0,0
11983,1,M,Black,20,M,0,0,0
12362,1,F,Black,20,M,0,0,0
568,0,M,Black,20,H,1,0,4
8597,0,M,Black,20,M,1,0,1
11972,0,M,Black,20,H,1,0,2
58,0,M,Black,20,H,4,2,3
3590,0,F,Black,20,S,0,0,0
3590,0,F,Black,20,S,0,0,0
4724,0,F,Black,20,S,0,0,0
5980,0,F,Black,20,S,0,0,0
6641,1,F,Black,20,S,0,0,0
6851,0,F,Black,20,S,0,0,0
7255,0,M,Black,20,S,0,0,0
10151,1,F,Black,20,S,0,0,0
11987,1,F,Black,20,S,0,0,0
12083,0,M,Black,20,S,0,0,0
12130,0,F,Black,20,S,0,0,0
12395,0,M,Black,20,S,0,0,0
12493,0,M,Black,20,S,0,0,0
3225,1,M,Black,21,M,0,0,0
3253,1,M,Black,21,H,0,0,0
3253,0,M,Black,21,H,0,0,0
10834,0,M,Black,21,H,0,0,0
11182,1,M,Black,21,M,0,0,0
11240,1,F,Black,21,M,0,0,0
11264,0,F,Black,21,M,0,0,0
11886,0,M,Black,21,M,0,0,0
12026,0,M,Black,21,H,0,0,0
12290,1,M,Black,21,M,0,0,0
12366,0,M,Black,21,H,0,0,0
12412,0,F,Black,21,M,0,0,0
1783,0,M,Black,21,H,1,0,4
9176,1,F,Black,21,M,1,0,3
940,1,M,Black,21,H,4,0,4
2126,0,M,Black,21,S,0,0,0
2583,1,M,Black,21,S,0,0,0
4295,1,M,Black,21,S,0,0,0
10101,0,M,Black,21,S,0,0,0
11822,0,M,Black,21,S,0,0,0
12051,1,M,Black,21,S,0,0,0
4983,0,M,Black,21,S,1,0,1
7998,0,M,Black,21,S,1,0,1
11865,0,F,Black,21,S,1,0,0
12174,0,M,Black,21,S,1,0,4
8402,0,M,Black,21,S,2,0,2
8402,0,M,Black,21,S,2,0,1
12016,0,M,Black,21,S,1,1,4
2850,1,M,Black,22,H,0,0,0
3294,1,F,Black,22,M,0,0,0
5884,1,F,Black,22,M,0,0,0
6268,0,M,Black,22,M,0,0,0
7190,0,M,Black,22,M,0,0,0
11325,0,F,Black,22,M,0,0,0
11388,0,M,Black,22,M,0,0,0
11401,1,F,Black,22,M,0,0,0
12484,1,M,Black,22,H,0,0,0
543,1,M,Black,22,M,1,0,5
565,1,M,Black,22,H,1,0,4
583,1,M,Black,22,H,1,0,3
3835,0,M,Black,22,M,1,0,5
10677,1,M,Black,22,M,1,0,0
11767,1,M,Black,22,M,1,0,3
1153,0,M,Black,22,H,2,0,1
1226,1,M,Black,22,H,2,1,2
4875,0,M,Black,22,S,0,0,0
7678,1,F,Black,22,S,0,0,0
8688,1,F,Black,22,S,0,0,0
9187,1,M,Black,22,S,0,0,0
9282,0,M,Black,22,S,0,0,0
10510,0,F,Black,22,S,0,0,0
10523,0,F,Black,22,S,0,0,0
12145,0,M,Black,22,S,0,0,0
12168,0,M,Black,22,S,0,0,0
11300,1,M,Black,22,S,1,0,3
12089,0,M,Black,22,S,1,0,1
719,1,M,Black,22,S,2,0,2
11418,0,M,Black,22,S,2,1,3
3897,0,F,Black,23,M,0,0,0
9762,0,M,Black,23,H,0,0,0
10904,1,M,Black,23,H,0,0,0
12288,0,M,Black,23,H,0,0,0
1594,0,M,Black,23,M,1,0,5
3027,0,M,Black,23,H,1,0,1
2407,0,M,Black,23,H,2,2,0
58,0,M,Black,23,H,4,2,0
1353,1,F,Black,23,S,0,0,0
1749,1,M,Black,23,S,0,0,0
6278,1,F,Black,23,S,0,0,0
7425,0,M,Black,23,S,0,0,0
7535,0,M,Black,23,S,0,0,0
8771,0,M,Black,23,S,0,0,0
10847,1,F,Black,23,S,0,0,0
10911,0,F,Black,23,S,0,0,0
11554,0,M,Black,23,S,0,0,0
12257,0,F,Black,23,S,0,0,0
787,0,M,Black,23,S,1,0,5
2295,1,M,Black,23,S,1,0,2
4737,1,M,Black,23,S,1,0,1
10203,0,M,Black,23,S,1,0,4
3029,0,M,Black,24,M,0,0,0
4329,1,M,Black,24,M,0,0,0
4885,0,M,Black,24,M,0,0,0
6626,1,M,Black,24,M,0,0,0
7575,0,M,Black,24,M,0,0,0
9913,1,M,Black,24,M,0,0,0
12353,0,M,Black,24,M,0,0,0
6943,0,M,Black,24,M,1,0,0
2129,1,M,Black,24,M,1,1,0
2407,1,M,Black,24,H,2,2,2
1483,1,M,Black,24,S,0,0,0
2173,1,M,Black,24,S,0,0,0
3923,1,M,Black,24,S,0,0,0
7787,1,M,Black,24,S,0,0,0
11092,1,M,Black,24,S,0,0,0
12272,0,M,Black,24,S,0,0,0
11351,0,M,Black,24,S,1,0,3
420,0,M,Black,24,S,3,0,3
8849,1,M,Black,24,S,1,1,0
11839,1,F,Black,24,S,1,1,1
1299,1,M,Black,25,M,0,0,0
3300,0,M,Black,25,H,0,0,0
4947,1,M,Black,25,H,0,0,0
8104,1,F,Black,25,M,0,0,0
8110,0,M,Black,25,M,0,0,0
8582,1,F,Black,25,M,0,0,0
8960,1,M,Black,25,H,0,0,0
8960,0,M,Black,25,H,0,0,0
9613,0,M,Black,25,M,0,0,0
9613,1,M,Black,25,M,0,0,0
9907,1,M,Black,25,M,0,0,0
11280,0,M,Black,25,H,0,0,0
11315,0,M,Black,25,H,0,0,0
12217,0,M,Black,25,H,0,0,0
12554,1,M,Black,25,M,0,0,0
12625,1,M,Black,25,M,0,0,0
12646,1,M,Black,25,M,0,0,0
435,1,M,Black,25,H,1,0,5
651,1,M,Black,25,H,1,0,0
563,0,M,Black,25,H,2,0,1
2163,1,F,Black,25,S,0,0,0
4210,0,F,Black,25,S,0,0,0
5995,1,F,Black,25,S,0,0,0
6958,0,M,Black,25,S,0,0,0
6958,1,M,Black,25,S,0,0,0
7031,1,M,Black,25,S,0,0,0
8419,1,M,Black,25,S,0,0,0
8628,0,F,Black,25,S,0,0,0
10638,1,M,Black,25,S,0,0,0
11249,0,M,Black,25,S,0,0,0
11764,0,M,Black,25,S,0,0,0
12150,1,M,Black,25,S,0,0,0
12303,0,F,Black,25,Unknown,0,0,0
256,0,M,Black,26,H,0,0,0
817,1,F,Black,26,M,0,0,0
2096,1,M,Black,26,H,0,0,0
2766,1,M,Black,26,H,0,0,0
5743,0,M,Black,26,M,0,0,0
6426,0,M,Black,26,M,0,0,0
6536,1,M,Black,26,M,0,0,0
8083,1,M,Black,26,H,0,0,0
9188,0,M,Black,26,M,0,0,0
10491,0,M,Black,26,M,0,0,0
11131,1,F,Black,26,H,0,0,0
11169,0,M,Black,26,H,0,0,0
11426,1,M,Black,26,M,0,0,0
11426,1,M,Black,26,M,0,0,0
11871,0,M,Black,26,H,0,0,0
12469,0,M,Black,26,M,0,0,0
12610,1,M,Black,26,H,0,0,0
12610,0,M,Black,26,H,0,0,0
5529,0,M,Black,26,H,1,0,1
6806,0,M,Black,26,M,1,0,3
10617,1,M,Black,26,M,1,1,3
1060,0,M,Black,26,S,0,0,0
2414,1,M,Black,26,S,0,0,0
3592,1,M,Black,26,S,0,0,0
4721,1,M,Black,26,S,0,0,0
5129,1,M,Black,26,S,0,0,0
6371,1,M,Black,26,S,0,0,0
6551,1,F,Black,26,S,0,0,0
7743,0,F,Black,26,S,0,0,0
8784,0,M,Black,26,S,0,0,0
9073,0,F,Black,26,S,0,0,0
716,0,M,Black,26,S,1,0,1
3561,1,M,Black,26,S,1,1,4
5058,1,M,Black,26,S,1,1,0
2499,0,M,Black,27,M,0,0,0
3317,0,F,Black,27,M,0,0,0
7780,1,M,Black,27,M,0,0,0
8729,1,M,Black,27,H,0,0,0
9182,1,M,Black,27,H,0,0,0
10691,0,M,Black,27,M,0,0,0
10887,0,M,Black,27,M,0,0,0
11434,0,F,Black,27,M,0,0,0
11434,0,F,Black,27,M,0,0,0
11497,1,M,Black,27,M,0,0,0
12219,1,F,Black,27,H,0,0,0
1578,0,M,Black,27,M,1,0,2
1886,1,M,Black,27,M,1,0,1
7229,0,M,Black,27,H,1,0,4
11455,0,F,Black,27,M,1,0,0
12077,0,M,Black,27,H,1,0,3
1447,0,M,Black,27,M,2,0,2
1777,1,M,Black,27,H,1,1,3
2540,1,M,Black,27,H,1,1,2
2802,1,M,Black,27,S,0,0,0
3250,0,M,Black,27,S,0,0,0
3369,0,M,Black,27,S,0,0,0
4713,1,M,Black,27,S,0,0,0
4821,0,F,Black,27,S,0,0,0
8905,0,M,Black,27,S,0,0,0
9940,1,F,Black,27,S,0,0,0
10714,1,M,Black,27,S,0,0,0
10871,1,M,Black,27,S,0,0,0
11127,1,M,Black,27,S,0,0,0
11168,0,M,Black,27,S,0,0,0
11257,1,M,Black,27,S,0,0,0
11408,1,M,Black,27,S,0,0,0
11755,1,M,Black,27,S,0,0,0
12348,1,M,Black,27,S,0,0,0
12414,1,M,Black,27,S,0,0,0
12415,1,M,Black,27,S,1,0,1
1336,1,M,Black,28,H,0,0,0
3673,1,F,Black,28,H,0,0,0
4787,1,F,Black,28,M,0,0,0
4909,1,F,Black,28,M,0,0,0
4909,0,F,Black,28,M,0,0,0
4932,0,M,Black,28,H,0,0,0
6041,0,M,Black,28,M,0,0,0
8655,1,M,Black,28,H,0,0,0
9254,0,M,Black,28,M,0,0,0
11332,0,M,Black,28,H,0,0,0
11439,1,F,Black,28,H,0,0,0
2828,1,M,Black,28,H,1,0,0
3461,1,M,Black,28,M,1,0,1
7302,1,M,Black,28,M,1,0,1
7838,1,M,Black,28,M,1,0,2
532,0,M,Black,28,M,4,0,5
5169,0,M,Black,28,M,10,0,2
504,0,M,Black,28,H,1,1,1
4389,1,M,Black,28,H,1,1,0
12681,0,M,Black,28,H,1,1,5
11844,0,M,Black,28,H,3,1,1
5555,0,F,Black,28,S,0,0,0
6279,0,M,Black,28,S,0,0,0
6608,1,M,Black,28,S,0,0,0
7241,1,F,Black,28,S,0,0,0
12271,0,M,Black,28,S,0,0,0
12517,0,M,Black,28,S,0,0,0
8674,1,M,Black,28,S,1,0,2
11545,1,M,Black,28,S,1,0,3
719,0,M,Black,28,S,2,0,2
1796,0,F,Black,28,S,1,1,1
419,0,M,Black,29,H,0,0,0
1274,1,M,Black,29,H,0,0,0
3109,1,M,Black,29,M,0,0,0
4969,0,M,Black,29,H,0,0,0
6118,1,M,Black,29,M,0,0,0
7772,0,M,Black,29,M,0,0,0
7772,1,M,Black,29,M,0,0,0
8583,1,M,Black,29,M,0,0,0
11203,1,M,Black,29,M,0,0,0
11306,0,M,Black,29,M,0,0,0
11333,1,M,Black,29,M,0,0,0
11471,0,F,Black,29,M,0,0,0
11663,1,M,Black,29,M,0,0,0
12368,0,M,Black,29,M,0,0,0
1147,0,M,Black,29,H,1,0,4
3241,0,M,Black,29,H,1,0,1
11501,0,M,Black,29,H,1,0,4
1789,0,M,Black,29,H,4,0,5
1493,1,M,Black,29,M,1,1,4
3314,0,M,Black,29,H,1,1,3
4928,0,M,Black,29,S,0,0,0
6653,1,M,Black,29,S,0,0,0
6844,1,F,Black,29,S,0,0,0
11641,1,M,Black,29,S,0,0,0
11818,0,M,Black,29,S,0,0,0
12479,1,F,Black,29,S,0,0,0
12572,0,M,Black,29,S,0,0,0
5378,1,M,Black,29,S,1,0,1
11607,1,M,Black,29,S,1,0,3
179,1,M,Black,30,H,0,0,0
640,0,M,Black,30,H,0,0,0
2530,1,M,Black,30,M,0,0,0
2581,0,M,Black,30,M,0,0,0
3394,0,F,Black,30,M,0,0,0
4534,1,M,Black,30,M,0,0,0
5989,0,M,Black,30,H,0,0,0
6230,0,M,Black,30,M,0,0,0
6251,0,M,Black,30,M,0,0,0
6601,1,M,Black,30,H,0,0,0
9953,1,M,Black,30,H,0,0,0
10204,1,M,Black,30,M,0,0,0
10989,0,M,Black,30,M,0,0,0
11811,1,M,Black,30,M,0,0,0
11906,1,M,Black,30,M,0,0,0
12198,1,F,Black,30,M,0,0,0
12360,1,M,Black,30,H,0,0,0
12586,1,M,Black,30,M,0,0,0
3363,1,M,Black,30,H,1,0,4
4810,1,M,Black,30,M,1,0,5
7895,1,M,Black,30,M,1,0,0
12232,0,F,Black,30,M,1,0,4
10867,0,M,Black,30,M,2,0,3
1789,0,M,Black,30,H,4,0,5
6555,1,M,Black,30,S,0,0,0
6752,0,F,Black,30,S,0,0,0
10352,0,M,Black,30,S,0,0,0
10431,0,F,Black,30,S,0,0,0
11120,1,M,Black,30,S,0,0,0
11229,1,F,Black,30,S,0,0,0
11511,1,M,Black,30,S,0,0,0
11995,1,M,Black,30,S,0,0,0
11525,0,M,Black,30,S,1,0,1
3091,1,M,Black,30,S,1,1,5
594,0,M,Black,31,M,0,0,0
833,1,M,Black,31,M,0,0,0
833,0,M,Black,31,M,0,0,0
2631,1,F,Black,31,H,0,0,0
3283,0,M,Black,31,H,0,0,0
9836,1,M,Black,31,M,0,0,0
11365,0,M,Black,31,M,0,0,0
12589,1,M,Black,31,M,0,0,0
12644,0,M,Black,31,H,0,0,0
7731,0,M,Black,31,H,1,0,5
10133,1,M,Black,31,H,1,0,4
10827,0,M,Black,31,H,1,0,2
5169,0,M,Black,31,M,10,0,2
2205,1,M,Black,31,H,1,1,2
6837,0,M,Black,31,M,1,1,2
4319,1,M,Black,31,S,0,0,0
6166,0,M,Black,31,S,0,0,0
7368,1,M,Black,31,S,0,0,0
10350,1,M,Black,31,S,0,0,0
12599,0,M,Black,31,S,0,0,0
12599,1,M,Black,31,S,0,0,0
6817,0,M,Black,31,S,1,0,0
9262,0,M,Black,31,S,1,0,3
11433,1,M,Black,31,S,2,0,4
2796,0,M,Black,32,M,0,0,0
2796,0,M,Black,32,M,0,0,0
3426,0,M,Black,32,H,0,0,0
11691,1,M,Black,32,M,0,0,0
12465,1,M,Black,32,H,0,0,0
12481,1,M,Black,32,H,0,0,0
1023,0,M,Black,32,H,1,0,4
3384,0,M,Black,32,H,1,0,1
5238,0,M,Black,32,M,3,0,3
532,0,M,Black,32,M,4,0,1
3383,0,M,Black,32,S,0,0,0
7675,1,F,Black,32,S,0,0,0
8690,1,M,Black,32,S,0,0,0
9517,0,F,Black,32,S,0,0,0
10641,1,M,Black,32,S,0,0,0
10813,1,M,Black,32,S,0,0,0
11278,0,M,Black,32,S,0,0,0
12380,1,F,Black,32,S,0,0,0
8249,0,F,Black,32,S,4,0,4
3459,0,M,Black,32,S,1,1,3
467,0,M,Black,33,M,0,0,0
1301,1,M,Black,33,H,0,0,0
3387,0,M,Black,33,H,0,0,0
5709,1,M,Black,33,M,0,0,0
6496,1,M,Black,33,H,0,0,0
6734,0,F,Black,33,M,0,0,0
7774,1,F,Black,33,M,0,0,0
8706,0,M,Black,33,M,0,0,0
10703,0,M,Black,33,M,0,0,0
11507,0,M,Black,33,M,0,0,0
11539,0,F,Black,33,M,0,0,0
12392,0,M,Black,33,M,0,0,0
12671,0,M,Black,33,M,0,0,0
1132,1,M,Black,33,M,2,0,0
1132,0,M,Black,33,M,2,0,2
3034,0,M,Black,33,S,0,0,0
6446,1,M,Black,33,S,0,0,0
10389,0,M,Black,33,S,0,0,0
11126,1,M,Black,33,S,0,0,0
111,0,M,Black,33,S,2,0,3
645,0,M,Black,34,M,0,0,0
1399,1,M,Black,34,H,0,0,0
2705,0,M,Black,34,M,0,0,0
6695,0,M,Black,34,M,0,0,0
8569,0,M,Black,34,H,0,0,0
8917,1,M,Black,34,M,0,0,0
10857,1,M,Black,34,M,0,0,0
11544,1,M,Black,34,H,0,0,0
12215,1,M,Black,34,M,0,0,0
8001,0,M,Black,34,M,1,0,5
7045,0,F,Black,34,H,2,0,0
12495,0,M,Black,34,H,2,0,2
630,1,M,Black,34,H,1,1,5
1989,1,F,Black,34,M,1,1,3
4224,1,M,Black,34,S,0,0,0
5892,0,M,Black,34,Unknown,0,0,0
6644,0,F,Black,34,S,0,0,0
6677,0,M,Black,34,S,0,0,0
6984,1,M,Black,34,S,0,0,0
7291,0,M,Black,34,S,0,0,0
10882,0,F,Black,34,S,0,0,0
5101,0,M,Black,34,S,1,0,3
11223,0,M,Black,34,S,1,0,2
1313,0,M,Black,35,M,0,0,0
3703,0,F,Black,35,M,0,0,0
4823,0,F,Black,35,M,0,0,0
5298,1,M,Black,35,M,0,0,0
5916,1,M,Black,35,H,0,0,0
9850,1,M,Black,35,H,0,0,0
10835,0,F,Black,35,M,0,0,0
11804,1,M,Black,35,M,0,0,0
12155,1,M,Black,35,H,0,0,0
2156,0,M,Black,35,M,1,0,1
10737,0,M,Black,35,H,1,0,1
11695,0,M,Black,35,H,1,0,1
6842,0,M,Black,35,M,2,0,0
5722,0,M,Black,35,S,0,0,0
6378,1,M,Black,35,S,0,0,0
9587,1,M,Black,35,S,0,0,0
10456,1,M,Black,35,S,0,0,0
11409,1,F,Black,35,S,0,0,0
11860,1,M,Black,35,S,0,0,0
12591,1,M,Black,35,S,0,0,0
10029,1,M,Black,35,S,1,0,3
11631,0,M,Black,35,S,1,0,4
496,1,M,Black,36,H,0,0,0
3335,1,M,Black,36,M,0,0,0
4161,0,M,Black,36,H,0,0,0
7712,1,M,Black,36,M,0,0,0
9096,1,M,Black,36,M,0,0,0
1125,0,F,Black,36,M,1,0,3
5747,0,F,Black,36,H,1,0,1
288,1,M,Black,36,M,1,1,5
3287,0,M,Black,36,H,2,1,3
910,0,M,Black,36,S,0,0,0
1774,1,M,Black,36,S,0,0,0
3652,0,M,Black,36,S,0,0,0
8629,0,M,Black,36,S,0,0,0
12431,1,M,Black,36,S,0,0,0
532,0,M,Black,36,S,4,0,4
465,0,M,Black,37,H,0,0,0
4840,1,M,Black,37,M,0,0,0
7758,1,M,Black,37,M,0,0,0
11181,1,M,Black,37,H,0,0,0
11707,0,F,Black,37,M,0,0,0
11881,1,F,Black,37,M,0,0,0
430,1,F,Black,37,M,1,0,1
2048,0,M,Black,37,H,1,0,3
12545,1,M,Black,37,H,1,0,1
5688,1,M,Black,37,H,2,1,4
198,1,M,Black,37,S,0,0,0
737,1,M,Black,37,S,0,0,0
2136,0,M,Black,37,S,0,0,0
2722,1,M,Black,37,S,0,0,0
4044,1,F,Black,37,S,0,0,0
8706,1,M,Black,37,S,0,0,0
10248,1,M,Black,37,S,0,0,0
10469,0,F,Black,37,S,0,0,0
10586,0,M,Black,37,S,0,0,0
11198,1,M,Black,37,S,0,0,0
11493,0,F,Black,37,S,0,0,0
10066,1,M,Black,37,S,1,0,0
11293,1,M,Black,37,S,1,0,2
4,0,M,Black,38,H,0,0,0
1768,0,M,Black,38,H,0,0,0
1850,0,M,Black,38,H,0,0,0
2072,1,F,Black,38,M,0,0,0
3533,1,M,Black,38,H,0,0,0
4498,1,M,Black,38,M,0,0,0
8443,1,M,Black,38,M,0,0,0
9889,1,M,Black,38,H,0,0,0
10648,1,M,Black,38,H,0,0,0
11535,1,M,Black,38,M,0,0,0
11851,0,M,Black,38,H,0,0,0
12192,1,F,Black,38,H,0,0,0
12607,0,M,Black,38,H,0,0,0
745,0,M,Black,38,H,1,0,5
1375,1,M,Black,38,H,1,0,5
532,1,M,Black,38,H,4,0,0
6011,1,F,Black,38,S,0,0,0
6138,0,M,Black,38,S,0,0,0
11725,0,F,Black,38,S,0,0,0
10022,0,M,Black,38,Unknown,1,0,0
12576,1,M,Black,38,S,1,0,1
783,0,M,Black,39,H,0,0,0
3696,0,M,Black,39,H,0,0,0
4424,0,M,Black,39,H,0,0,0
5352,0,M,Black,39,M,0,0,0
5686,1,F,Black,39,M,0,0,0
6884,0,M,Black,39,M,0,0,0
9947,1,F,Black,39,M,0,0,0
11589,1,M,Black,39,H,0,0,0
12592,1,M,Black,39,H,0,0,0
12592,0,M,Black,39,H,0,0,0
12601,1,M,Black,39,M,0,0,0
3395,1,M,Black,39,M,1,0,4
1616,1,M,Black,39,S,0,0,0
5616,1,F,Black,39,S,0,0,0
8135,0,F,Black,39,S,0,0,0
9177,1,M,Black,39,S,0,0,0
1805,0,F,Black,39,S,1,1,3
484,0,M,Black,40,H,0,0,0
2336,1,M,Black,40,H,0,0,0
2592,1,M,Black,40,M,0,0,0
3284,0,M,Black,40,H,0,0,0
10862,1,M,Black,40,H,0,0,0
11235,0,M,Black,40,H,0,0,0
11542,0,M,Black,40,M,0,0,0
11542,0,M,Black,40,M,0,0,0
11653,0,M,Black,40,M,0,0,0
11653,0,M,Black,40,M,0,0,0
11775,0,M,Black,40,H,0,0,0
12609,1,F,Black,40,H,0,0,0
6379,0,M,Black,40,S,0,0,0
8131,0,M,Black,40,S,0,0,0
8875,0,F,Black,40,S,0,0,0
10472,0,F,Black,40,S,0,0,0
10862,0,M,Black,40,S,0,0,0
11321,1,F,Black,40,S,0,0,0
12421,1,F,Black,40,S,0,0,0
2479,0,M,Black,40,S,1,0,3
11205,1,M,Black,40,S,1,0,3
4876,1,F,Black,40,S,8,1,0
1217,0,M,Black,41,H,0,0,0
4115,0,M,Black,41,M,0,0,0
4956,1,M,Black,41,H,0,0,0
11317,0,M,Black,41,H,0,0,0
11547,0,M,Black,41,H,0,0,0
11928,0,M,Black,41,M,0,0,0
11956,0,M,Black,41,M,0,0,0
12459,0,M,Black,41,H,0,0,0
7396,0,M,Black,41,H,1,0,2
11423,0,M,Black,41,M,1,0,5
12477,0,M,Black,41,M,1,1,0
7475,1,M,Black,41,S,0,0,0
8362,0,M,Black,41,S,0,0,0
9609,0,M,Black,41,S,0,0,0
9609,1,M,Black,41,S,0,0,0
9623,1,F,Black,41,S,0,0,0
11726,1,M,Black,41,S,0,0,0
11772,1,M,Black,41,S,0,0,0
12105,0,M,Black,41,S,0,0,0
5605,1,M,Black,41,S,1,0,1
2976,1,M,Black,42,H,0,0,0
3445,1,M,Black,42,M,0,0,0
9966,1,M,Black,42,M,0,0,0
12570,0,M,Black,42,H,0,0,0
819,0,F,Black,42,M,1,0,1
10047,1,F,Black,42,S,0,0,0
5833,0,M,Black,42,S,1,0,2
11581,1,M,Black,42,S,1,0,2
1882,1,M,Black,42,S,1,1,0
4400,1,M,Black,43,M,0,0,0
6780,1,M,Black,43,H,0,0,0
9947,0,F,Black,43,M,0,0,0
10763,1,M,Black,43,M,0,0,0
11290,0,M,Black,43,M,0,0,0
12437,0,M,Black,43,H,0,0,0
8486,1,M,Black,43,M,1,0,1
12164,1,M,Black,43,M,1,0,3
899,0,M,Black,43,M,2,1,0
3092,1,M,Black,43,S,0,0,0
6444,1,M,Black,43,S,0,0,0
6685,1,M,Black,43,S,0,0,0
10479,1,M,Black,43,Unknown,0,0,0
11444,0,F,Black,43,S,0,0,0
11602,1,M,Black,43,S,0,0,0
11946,0,M,Black,43,S,0,0,0
12008,0,M,Black,43,S,0,0,0
12619,1,M,Black,43,S,0,0,0
3672,0,M,Black,43,S,1,0,3
11948,0,M,Black,43,S,1,0,3
149,1,M,Black,44,H,0,0,0
149,0,M,Black,44,H,0,0,0
1754,1,M,Black,44,H,0,0,0
9753,0,M,Black,44,M,0,0,0
9969,0,M,Black,44,M,0,0,0
11314,1,F,Black,44,H,0,0,0
11867,1,M,Black,44,M,0,0,0
814,0,M,Black,44,M,1,0,3
3714,0,M,Black,44,H,1,0,1
11446,0,M,Black,44,H,1,0,5
2127,1,F,Black,44,S,0,0,0
3288,1,M,Black,44,S,0,0,0
6441,0,M,Black,44,S,0,0,0
6767,1,M,Black,44,S,0,0,0
10127,1,F,Black,44,S,0,0,0
11436,1,M,Black,44,S,0,0,0
11731,0,F,Black,44,S,0,0,0
11908,1,M,Black,44,S,0,0,0
11567,0,M,Black,44,S,1,0,3
5944,1,M,Black,44,S,1,1,1
5293,1,M,Black,45,H,0,0,0
10051,0,M,Black,45,M,0,0,0
10198,0,M,Black,45,H,0,0,0
10986,1,M,Black,45,H,0,0,0
11758,1,F,Black,45,M,0,0,0
11778,1,M,Black,45,M,0,0,0
12188,0,M,Black,45,H,0,0,0
12188,1,M,Black,45,H,0,0,0
5950,0,F,Black,45,S,0,0,0
5950,1,F,Black,45,S,0,0,0
6210,0,F,Black,45,S,0,0,0
11327,0,M,Black,45,S,0,0,0
170,1,M,Black,46,M,0,0,0
5921,0,M,Black,46,H,0,0,0
10910,0,M,Black,46,M,0,0,0
11088,1,M,Black,46,H,0,0,0
11572,0,M,Black,46,M,0,0,0
12297,1,M,Black,46,M,0,0,0
564,1,M,Black,46,M,1,1,5
8525,1,M,Black,46,M,8,4,3
8525,0,M,Black,46,H,8,4,1
11416,0,M,Black,46,S,0,0,0
11237,0,M,Black,46,S,1,0,3
1127,1,M,Black,47,M,0,0,0
1127,1,M,Black,47,M,0,0,0
6266,1,M,Black,47,H,0,0,0
10313,0,M,Black,47,H,0,0,0
10552,1,F,Black,47,H,0,0,0
11606,0,M,Black,47,M,0,0,0
11621,1,F,Black,47,H,0,0,0
11997,1,M,Black,47,M,0,0,0
233,0,M,Black,47,M,1,1,3
1757,0,M,Black,47,S,0,0,0
4121,0,M,Black,47,S,0,0,0
5609,1,M,Black,47,S,0,0,0
9796,0,F,Black,47,S,0,0,0
11508,1,M,Black,47,S,0,0,0
11978,0,M,Black,47,S,0,0,0
11982,0,M,Black,47,S,0,0,0
160,1,M,Black,48,M,0,0,0
2528,0,F,Black,48,H,0,0,0
3336,1,F,Black,48,H,0,0,0
3589,0,M,Black,48,H,0,0,0
4354,0,M,Black,48,H,0,0,0
8010,0,M,Black,48,H,0,0,0
9477,0,M,Black,48,M,0,0,0
9477,1,M,Black,48,M,0,0,0
10568,0,M,Black,48,M,0,0,0
10811,1,M,Black,48,M,0,0,0
11480,0,M,Black,48,H,0,0,0
11709,1,M,Black,48,M,0,0,0
205,0,M,Black,48,S,0,0,0
1608,0,M,Black,48,S,0,0,0
3377,0,M,Black,48,S,0,0,0
6382,1,F,Black,48,S,0,0,0
6682,1,M,Black,48,S,0,0,0
7588,0,M,Black,48,S,0,0,0
4833,0,M,Black,48,S,1,1,4
2533,0,M,Black,49,H,0,0,0
9691,0,M,Black,49,M,1,0,1
113,0,F,Black,49,S,0,0,0
411,1,M,Black,49,S,0,0,0
3288,1,M,Black,49,S,0,0,0
6942,0,M,Black,49,S,0,0,0
11674,1,F,Black,49,S,0,0,0
10615,1,M,Black,49,S,1,0,1
2384,1,M,Black,50,M,0,0,0
3228,0,F,Black,50,M,0,0,0
5022,1,M,Black,50,H,0,0,0
5806,1,M,Black,50,H,0,0,0
5969,1,M,Black,50,H,0,0,0
6827,0,M,Black,50,M,0,0,0
7101,0,M,Black,50,H,0,0,0
9110,0,M,Black,50,M,0,0,0
11777,0,M,Black,50,M,0,0,0
12315,1,M,Black,50,M,0,0,0
306,0,M,Black,50,S,0,0,0
1308,1,M,Black,50,S,0,0,0
5896,0,M,Black,50,S,0,0,0
6615,0,F,Black,50,S,0,0,0
383,0,M,Black,51,M,0,0,0
7318,0,M,Black,51,H,0,0,0
8867,1,M,Black,51,H,0,0,0
11869,1,M,Black,51,M,0,0,0
12218,0,M,Black,51,M,0,0,0
1800,1,M,Black,51,H,1,0,0
12176,1,F,Black,51,S,0,0,0
12294,1,F,Black,51,S,0,0,0
11411,0,M,Black,52,M,0,0,0
12387,0,M,Black,52,H,0,0,0
743,1,M,Black,52,H,2,0,1
8418,1,M,Black,52,S,0,0,0
10455,0,M,Black,52,S,0,0,0
11387,1,F,Black,52,S,0,0,0
501,1,M,Black,53,M,0,0,0
1986,0,F,Black,53,H,0,0,0
2885,0,M,Black,53,M,0,0,0
7637,1,F,Black,53,M,0,0,0
8141,0,M,Black,53,H,0,0,0
12041,1,M,Black,53,H,0,0,0
12237,1,M,Black,53,M,0,0,0
4591,0,M,Black,53,M,1,1,0
6739,0,M,Black,53,S,0,0,0
10468,0,M,Black,54,S,0,0,0
11430,0,M,Black,54,S,0,0,0
5685,1,M,Black,55,H,0,0,0
7033,1,M,Black,55,H,0,0,0
8794,0,M,Black,55,M,0,0,0
7203,0,M,Black,55,M,1,0,4
12073,0,F,Black,55,S,0,0,0
12660,1,M,Black,55,S,0,0,0
3005,1,M,Black,56,M,0,0,0
553,1,M,Black,56,H,1,0,0
943,0,F,Black,56,S,0,0,0
4734,1,M,Black,56,S,0,0,0
5201,1,M,Black,56,S,0,0,0
4938,1,M,Black,57,M,0,0,0
12098,0,M,Black,58,M,0,0,0
1047,1,M,Black,58,S,0,0,0
1861,0,M,Black,59,H,0,0,0
9032,0,M,Black,59,M,0,0,0
10602,1,M,Black,59,S,0,0,0
11410,0,M,Black,59,S,0,0,0
2598,1,M,Black,60,M,0,0,0
1909,0,M,Black,62,H,1,0,2
1632,0,M,Black,65,M,0,0,0
11753,0,M,Black,66,M,0,0,0
11753,1,M,Black,66,M,0,0,0
6924,1,M,Black,67,S,0,0,0
8140,1,M,Black,67,S,0,0,0
1610,1,M,Black,68,S,0,0,0
12405,0,M,Black,69,S,0,0,0
11980,0,M,Black,70,M,0,0,0
11429,1,M,Black,72,S,0,0,0
12260,1,M,Black,72,S,0,0,0
10958,1,F,Black,29,H,0,0,0
6161,1,F,Black,31,M,0,0,0
709,0,F,Black,32,M,0,0,0
7172,0,F,Black,36,S,0,0,0
11500,1,M,Black,37,S,0,0,0
9322,1,M,Black,22,H,1,0,3
2349,0,F,"Chinese, Japanese or SE Asian",29,H,1,0,5
5057,0,M,"Chinese, Japanese or SE Asian",21,M,0,0,0
8930,1,M,"Chinese, Japanese or SE Asian",23,H,0,0,0
1222,1,M,"Chinese, Japanese or SE Asian",22,H,0,0,0
7067,1,F,"Chinese, Japanese or SE Asian",25,S,0,0,0
6155,0,M,"Chinese, Japanese or SE Asian",28,S,0,0,0
1342,0,M,"Chinese, Japanese or SE Asian",31,M,0,0,0
8752,0,M,"Chinese, Japanese or SE Asian",33,S,0,0,0
8752,1,M,"Chinese, Japanese or SE Asian",33,S,0,0,0
11935,0,M,"Chinese, Japanese or SE Asian",33,S,0,0,0
12269,1,M,"Chinese, Japanese or SE Asian",34,S,0,0,0
7485,0,M,"Chinese, Japanese or SE Asian",35,S,0,0,0
6860,0,M,"Chinese, Japanese or SE Asian",37,S,0,0,0
10401,1,F,"Chinese, Japanese or SE Asian",37,S,0,0,0
1384,1,F,"Chinese, Japanese or SE Asian",39,M,0,0,0
11559,0,F,"Chinese, Japanese or SE Asian",40,S,0,0,0
7851,1,F,"Chinese, Japanese or SE Asian",43,S,0,0,0
11920,1,F,"Chinese, Japanese or SE Asian",43,S,0,0,0
10751,0,M,"Chinese, Japanese or SE Asian",47,M,0,0,0
1976,0,M,"Chinese, Japanese or SE Asian",57,S,0,0,0
12195,1,M,"Chinese, Japanese or SE Asian",62,S,0,0,0
1655,0,M,"Chinese, Japanese or SE Asian",73,S,0,0,0
2859,0,M,"Chinese, Japanese or SE Asian",25,S,0,0,0
27,0,M,Middle Eastern,27,H,0,0,0
4558,1,M,Middle Eastern,38,H,0,0,0
5195,0,M,Middle Eastern,42,S,0,0,0
11121,0,M,Middle Eastern,46,H,0,0,0
5649,1,M,Middle Eastern,26,H,0,0,0
5827,1,M,Middle Eastern,26,H,0,0,0
1292,0,M,Middle Eastern,33,H,0,0,0
11870,0,M,Middle Eastern,34,M,0,0,0
6816,0,M,Middle Eastern,40,S,0,0,0
3048,0,M,Middle Eastern,24,M,0,0,0
9809,1,M,Middle Eastern,25,S,3,1,2
426,1,M,Middle Eastern,47,H,1,0,2
5083,0,F,Middle Eastern,19,Unknown,0,0,0
1416,1,M,Middle Eastern,28,M,1,1,4
119,0,M,Middle Eastern,34,Unknown,0,0,0
11123,1,M,Middle Eastern,35,M,1,0,2
11933,0,M,Middle Eastern,35,S,0,0,0
8381,0,M,Middle Eastern,19,S,0,0,0
9580,0,M,Middle Eastern,21,S,0,0,0
6016,0,M,Middle Eastern,25,S,1,0,5
9277,0,M,Middle Eastern,28,M,0,0,0
1112,0,M,Middle Eastern,29,S,1,1,3
8000,1,M,Middle Eastern,30,H,0,0,0
12486,0,M,Middle Eastern,30,H,1,0,4
2463,1,M,Middle Eastern,33,H,0,0,0
11893,1,M,Middle Eastern,35,M,1,0,2
802,1,M,Middle Eastern,35,S,0,0,0
11969,1,M,Middle Eastern,36,S,0,0,0
12457,1,M,Middle Eastern,40,M,0,0,0
10604,1,M,Middle Eastern,40,S,0,0,0
12656,1,M,Middle Eastern,42,S,0,0,0
734,0,M,Middle Eastern,46,M,1,1,3
4988,0,M,Middle Eastern,54,H,0,0,0
715,1,M,Middle Eastern,62,M,0,0,0
3285,1,F,North European - White,24,M,0,0,0
3062,0,M,North European - White,26,M,0,0,0
3483,1,F,North European - White,35,S,0,0,0
4412,1,M,North European - White,36,H,1,0,0
3483,0,F,North European - White,41,S,0,0,0
3275,1,M,North European - White,42,M,0,0,0
3275,0,M,North European - White,42,S,0,0,0
934,0,M,North European - White,45,H,0,0,0
10935,0,F,North European - White,13,Unknown,0,0,0
12047,1,F,North European - White,16,S,0,0,0
12118,0,M,North European - White,16,Unknown,0,0,0
2285,1,M,North European - White,16,S,2,0,5
4268,1,M,North European - White,16,S,2,0,4
326,0,F,North European - White,17,H,0,0,0
2727,1,M,North European - White,17,H,0,0,0
2727,0,M,North European - White,17,H,0,0,0
5194,1,M,North European - White,17,S,0,0,0
9910,1,M,North European - White,17,S,0,0,0
11740,0,M,North European - White,17,S,0,0,0
5264,0,F,North European - White,18,M,0,0,0
11260,1,M,North European - White,18,H,0,0,0
11807,1,F,North European - White,18,H,0,0,0
12037,0,F,North European - White,18,M,0,0,0
12110,0,M,North European - White,18,H,0,0,0
12488,0,F,North European - White,18,M,0,0,0
10962,0,M,North European - White,18,H,1,0,3
6002,0,F,North European - White,18,M,2,0,3
6002,1,F,North European - White,18,M,2,0,0
601,0,F,North European - White,18,S,0,0,0
4837,1,F,North European - White,18,S,0,0,0
6194,1,M,North European - White,18,S,0,0,0
7412,1,M,North European - White,18,S,0,0,0
8487,0,M,North European - White,18,S,0,0,0
11704,1,F,North European - White,18,S,0,0,0
12434,1,F,North European - White,18,S,0,0,0
12546,0,M,North European - White,18,S,0,0,0
79,1,M,North European - White,19,M,0,0,0
3805,1,M,North European - White,19,M,0,0,0
5050,1,M,North European - White,19,M,0,0,0
9642,1,F,North European - White,19,H,0,0,0
10249,1,M,North European - White,19,M,0,0,0
11854,1,F,North European - White,19,M,0,0,0
12032,1,M,North European - White,19,H,0,0,0
7438,1,M,North European - White,19,S,0,0,0
9644,1,M,North European - White,19,S,0,0,0
11191,1,F,North European - White,19,S,0,0,0
11313,1,M,North European - White,19,S,0,0,0
11386,1,M,North European - White,19,S,0,0,0
12490,1,M,North European - White,19,S,0,0,0
12521,0,M,North European - White,19,S,1,0,4
12053,0,M,North European - White,19,S,1,1,2
1420,1,M,North European - White,19,S,2,2,4
491,0,M,North European - White,20,M,0,0,0
2243,1,M,North European - White,20,M,0,0,0
2243,0,M,North European - White,20,M,0,0,0
3998,0,M,North European - White,20,H,0,0,0
5769,1,M,North European - White,20,M,0,0,0
6057,0,M,North European - White,20,H,0,0,0
11440,0,F,North European - White,20,M,0,0,0
11443,0,M,North European - White,20,M,0,0,0
12147,0,F,North European - White,20,H,0,0,0
12283,0,M,North European - White,20,M,0,0,0
1560,0,M,North European - White,20,M,1,0,2
2494,1,M,North European - White,20,H,2,0,0
2494,0,M,North European - White,20,H,2,0,4
1536,0,M,North European - White,20,S,0,0,0
4021,1,M,North European - White,20,S,0,0,0
4635,0,F,North European - White,20,S,0,0,0
5726,1,M,North European - White,20,S,0,0,0
6800,0,M,North European - White,20,S,0,0,0
11271,1,F,North European - White,20,S,0,0,0
11404,1,F,North European - White,20,S,0,0,0
11469,0,F,North European - White,20,S,0,0,0
11616,0,M,North European - White,20,S,0,0,0
2285,1,M,North European - White,20,S,2,0,0
3749,0,F,North European - White,21,M,0,0,0
5054,0,M,North European - White,21,M,0,0,0
6219,0,M,North European - White,21,M,0,0,0
8178,0,M,North European - White,21,H,0,0,0
10592,0,M,North European - White,21,M,0,0,0
11368,1,M,North European - White,21,M,0,0,0
11787,1,M,North European - White,21,M,0,0,0
12039,1,M,North European - White,21,H,0,0,0
12614,1,M,North European - White,21,H,0,0,0
12639,1,F,North European - White,21,M,0,0,0
9014,0,M,North European - White,21,M,1,0,5
12059,0,M,North European - White,21,M,1,0,1
5526,1,M,North European - White,21,S,0,0,0
5816,0,F,North European - White,21,Unknown,0,0,0
5856,1,F,North European - White,21,S,0,0,0
6540,0,M,North European - White,21,S,0,0,0
9823,0,F,North European - White,21,S,0,0,0
12588,1,F,North European - White,21,S,0,0,0
12596,1,M,North European - White,21,S,0,0,0
2880,0,M,North European - White,22,H,0,0,0
2956,1,M,North European - White,22,M,0,0,0
4070,1,M,North European - White,22,H,0,0,0
7381,0,M,North European - White,22,H,0,0,0
9852,1,M,North European - White,22,M,0,0,0
11467,1,M,North European - White,22,H,0,0,0
12279,0,F,North European - White,22,M,0,0,0
2937,1,M,North European - White,22,M,1,0,4
7982,0,M,North European - White,22,M,1,0,3
4268,0,M,North European - White,22,H,2,0,0
8189,1,M,North European - White,22,M,1,1,3
1683,1,M,North European - White,22,S,0,0,0
1951,1,M,North European - White,22,S,0,0,0
2383,1,F,North European - White,22,S,0,0,0
4562,0,F,North European - White,22,S,0,0,0
5572,0,F,North European - White,22,S,0,0,0
7611,1,F,North European - White,22,S,0,0,0
7975,0,F,North European - White,22,S,0,0,0
9102,1,M,North European - White,22,S,0,0,0
10253,0,M,North European - White,22,S,0,0,0
11475,0,M,North European - White,22,S,0,0,0
11732,1,M,North European - White,22,S,0,0,0
12500,0,F,North European - White,22,S,0,0,0
11898,1,M,North European - White,22,S,1,0,2
2943,0,F,North European - White,23,M,0,0,0
3854,1,M,North European - White,23,H,0,0,0
6437,0,M,North European - White,23,H,0,0,0
11144,1,M,North European - White,23,M,0,0,0
12314,1,M,North European - White,23,M,0,0,0
519,1,M,North European - White,23,M,1,0,1
1963,0,M,North European - White,23,H,1,0,0
3032,0,M,North European - White,23,M,1,0,1
2482,1,F,North European - White,23,S,0,0,0
2482,0,F,North European - White,23,S,0,0,0
2541,1,F,North European - White,23,S,0,0,0
2929,1,F,North European - White,23,S,0,0,0
5768,1,M,North European - White,23,S,0,0,0
10107,1,M,North European - White,23,S,0,0,0
10107,1,M,North European - White,23,S,0,0,0
10181,1,M,North European - White,23,S,0,0,0
11628,0,M,North European - White,23,S,0,0,0
12483,1,M,North European - White,23,S,0,0,0
827,1,F,North European - White,24,M,0,0,0
2243,1,M,North European - White,24,M,0,0,0
3089,1,M,North European - White,24,H,0,0,0
4151,1,F,North European - White,24,M,0,0,0
5060,1,M,North European - White,24,H,0,0,0
9432,0,M,North European - White,24,H,0,0,0
10068,0,M,North European - White,24,M,0,0,0
10376,0,M,North European - White,24,M,0,0,0
11193,1,F,North European - White,24,H,0,0,0
11326,0,F,North European - White,24,M,0,0,0
11499,1,M,North European - White,24,H,0,0,0
11499,1,M,North European - White,24,M,0,0,0
11568,1,M,North European - White,24,H,0,0,0
11568,1,M,North European - White,24,H,0,0,0
11648,1,F,North European - White,24,M,0,0,0
12129,0,M,North European - White,24,M,0,0,0
11549,1,F,North European - White,24,M,1,0,0
1631,1,M,North European - White,24,H,2,0,3
5018,0,M,North European - White,24,H,2,0,2
5018,0,M,North European - White,24,H,2,0,3
227,0,M,North European - White,24,H,1,1,3
5638,0,F,North European - White,24,S,0,0,0
5930,0,M,North European - White,24,S,0,0,0
6260,0,F,North European - White,24,S,0,0,0
6907,0,F,North European - White,24,S,0,0,0
8333,0,F,North European - White,24,S,0,0,0
8333,1,F,North European - White,24,S,0,0,0
9417,1,F,North European - White,24,S,0,0,0
9977,1,F,North European - White,24,S,0,0,0
7414,1,M,North European - White,24,S,1,0,4
6005,1,F,North European - White,25,M,0,0,0
10607,1,F,North European - White,25,H,0,0,0
10929,1,M,North European - White,25,M,0,0,0
12063,1,M,North European - White,25,M,0,0,0
12231,1,F,North European - White,25,M,0,0,0
527,1,M,North European - White,25,H,1,0,4
4421,1,F,North European - White,25,H,1,0,1
11805,1,M,North European - White,25,M,1,0,0
8097,0,F,North European - White,25,H,1,1,3
12328,0,M,North European - White,25,M,1,1,0
1420,1,M,North European - White,25,H,2,2,5
1320,1,M,North European - White,25,S,0,0,0
3552,1,F,North European - White,25,S,0,0,0
5978,0,F,North European - White,25,S,0,0,0
6727,1,M,North European - White,25,S,0,0,0
7660,1,M,North European - White,25,S,0,0,0
7984,1,M,North European - White,25,S,0,0,0
9661,1,M,North European - White,25,S,0,0,0
10086,0,M,North European - White,25,S,0,0,0
10669,1,F,North European - White,25,S,0,0,0
11118,1,F,North European - White,25,S,0,0,0
12236,1,M,North European - White,25,S,0,0,0
7180,1,M,North European - White,25,S,1,0,0
3987,1,F,North European - White,25,S,2,0,5
3987,0,F,North European - White,25,S,2,0,2
11255,1,M,North European - White,25,S,1,1,0
382,1,M,North European - White,26,M,0,0,0
1514,0,M,North European - White,26,M,0,0,0
10499,1,M,North European - White,26,H,0,0,0
11591,0,M,North European - White,26,H,0,0,0
12180,0,M,North European - White,26,M,0,0,0
12648,0,M,North European - White,26,H,0,0,0
12666,0,M,North European - White,26,H,0,0,0
2003,0,M,North European - White,26,H,2,0,2
3210,0,M,North European - White,26,M,2,0,1
4055,1,M,North European - White,26,M,6,0,2
4055,0,M,North European - White,26,M,6,0,5
222,1,F,North European - White,26,S,0,0,0
1947,1,M,North European - White,26,S,0,0,0
5331,0,F,North European - White,26,S,0,0,0
6923,0,F,North European - White,26,S,0,0,0
8283,0,M,North European - White,26,S,0,0,0
10090,0,M,North European - White,26,S,0,0,0
11192,0,F,North European - White,26,S,0,0,0
12035,0,M,North European - White,26,S,0,0,0
12496,1,F,North European - White,26,S,0,0,0
795,1,M,North European - White,26,S,1,0,5
2202,1,M,North European - White,26,S,1,0,1
1507,0,M,North European - White,26,S,1,1,4
1472,1,F,North European - White,27,H,0,0,0
3787,1,F,North European - White,27,H,0,0,0
4472,1,M,North European - White,27,M,0,0,0
4767,1,M,North European - White,27,M,0,0,0
5679,1,M,North European - White,27,M,0,0,0
6012,0,M,North European - White,27,H,0,0,0
6498,1,M,North European - White,27,M,0,0,0
6594,1,M,North European - White,27,M,0,0,0
6733,0,M,North European - White,27,M,0,0,0
9503,1,M,North European - White,27,H,0,0,0
10065,1,M,North European - White,27,H,0,0,0
11476,0,M,North European - White,27,M,0,0,0
12111,0,F,North European - White,27,H,0,0,0
12336,0,M,North European - White,27,M,0,0,0
12478,1,M,North European - White,27,M,0,0,0
682,1,M,North European - White,27,H,1,1,2
240,0,M,North European - White,27,S,0,0,0
987,1,M,North European - White,27,S,0,0,0
987,1,M,North European - White,27,S,0,0,0
1067,0,M,North European - White,27,S,0,0,0
2393,0,F,North European - White,27,S,0,0,0
4087,0,M,North European - White,27,S,0,0,0
5096,1,F,North European - White,27,S,0,0,0
5549,0,F,North European - White,27,S,0,0,0
6224,0,F,North European - White,27,S,0,0,0
6579,0,F,North European - White,27,S,0,0,0
10745,1,M,North European - White,27,S,0,0,0
12526,0,M,North European - White,27,S,0,0,0
12233,0,M,North European - White,27,S,1,0,1
2281,1,M,North European - White,27,S,1,1,3
4521,1,F,North European - White,27,S,1,1,0
3113,1,M,North European - White,28,M,0,0,0
3829,0,F,North European - White,28,M,0,0,0
4321,0,M,North European - White,28,H,0,0,0
4480,1,M,North European - White,28,M,0,0,0
6254,1,M,North European - White,28,H,0,0,0
7871,1,M,North European - White,28,M,0,0,0
9040,1,M,North European - White,28,H,0,0,0
9774,0,M,North European - White,28,M,0,0,0
10696,1,M,North European - White,28,M,0,0,0
11267,0,M,North European - White,28,M,0,0,0
11302,1,M,North European - White,28,H,0,0,0
11650,0,F,North European - White,28,M,0,0,0
12126,0,M,North European - White,28,H,0,0,0
12285,0,M,North European - White,28,H,0,0,0
2213,0,M,North European - White,28,M,1,0,0
10945,0,M,North European - White,28,M,1,0,0
12119,0,M,North European - White,28,H,1,0,1
571,0,M,North European - White,28,S,0,0,0
5070,1,M,North European - White,28,S,0,0,0
10889,0,M,North European - White,28,S,0,0,0
11583,0,F,North European - White,28,S,0,0,0
11730,1,M,North European - White,28,S,0,0,0
12461,1,M,North European - White,28,S,0,0,0
11790,0,M,North European - White,28,S,1,0,1
12012,1,M,North European - White,28,S,1,0,2
10327,0,M,North European - White,28,S,3,0,3
624,0,M,North European - White,29,M,0,0,0
2545,1,M,North European - White,29,H,0,0,0
3077,0,M,North European - White,29,M,0,0,0
5778,0,M,North European - White,29,M,0,0,0
8280,1,M,North European - White,29,M,0,0,0
8698,1,F,North European - White,29,M,0,0,0
9325,0,M,North European - White,29,M,0,0,0
11780,1,M,North European - White,29,M,0,0,0
11780,0,M,North European - White,29,M,0,0,0
12318,0,M,North European - White,29,M,0,0,0
2,0,M,North European - White,29,H,1,0,0
7770,0,M,North European - White,29,M,1,0,2
7639,0,F,North European - White,29,M,2,0,2
7639,1,F,North European - White,29,M,2,0,2
2545,1,M,North European - White,29,S,0,0,0
7874,1,F,North European - White,29,S,0,0,0
8260,1,M,North European - White,29,S,0,0,0
8433,0,M,North European - White,29,S,0,0,0
8787,0,M,North European - White,29,S,0,0,0
10043,1,M,North European - White,29,S,0,0,0
11318,0,M,North European - White,29,S,0,0,0
12021,0,M,North European - White,29,S,0,0,0
12068,0,F,North European - White,29,S,0,0,0
9980,1,F,North European - White,29,S,1,0,1
4865,1,M,North European - White,29,S,1,1,4
5804,0,F,North European - White,29,S,1,1,1
865,1,M,North European - White,30,M,0,0,0
1144,0,M,North European - White,30,M,0,0,0
3068,1,M,North European - White,30,M,0,0,0
3172,0,F,North European - White,30,M,0,0,0
3501,0,M,North European - White,30,M,0,0,0
4180,0,M,North European - White,30,H,0,0,0
5199,0,M,North European - White,30,M,0,0,0
5235,1,M,North European - White,30,M,0,0,0
6022,0,F,North European - White,30,M,0,0,0
6205,1,M,North European - White,30,M,0,0,0
7227,0,M,North European - White,30,M,0,0,0
7529,0,M,North European - White,30,M,0,0,0
7955,0,M,North European - White,30,M,0,0,0
10140,1,M,North European - White,30,H,0,0,0
11038,1,M,North European - White,30,H,0,0,0
11806,0,M,North European - White,30,M,0,0,0
12256,0,M,North European - White,30,M,0,0,0
12401,1,M,North European - White,30,M,0,0,0
12564,1,M,North European - White,30,H,0,0,0
11323,0,M,North European - White,30,H,1,0,4
3210,1,M,North European - White,30,H,2,0,2
8579,0,M,North European - White,30,M,1,1,0
55,0,M,North European - White,30,H,2,1,4
1921,1,F,North European - White,30,S,0,0,0
2394,0,M,North European - White,30,S,0,0,0
2394,1,M,North European - White,30,S,0,0,0
8499,1,M,North European - White,30,S,0,0,0
9011,0,F,North European - White,30,Unknown,0,0,0
9458,0,F,North European - White,30,S,0,0,0
9798,1,M,North European - White,30,S,0,0,0
10530,1,M,North European - White,30,S,0,0,0
10797,1,M,North European - White,30,S,0,0,0
11353,0,F,North European - White,30,S,0,0,0
11448,1,F,North European - White,30,S,0,0,0
11512,0,M,North European - White,30,S,0,0,0
11570,1,F,North European - White,30,S,0,0,0
12238,1,F,North European - White,30,S,0,0,0
5290,1,M,North European - White,30,S,1,0,3
214,1,F,North European - White,31,M,0,0,0
214,1,F,North European - White,31,M,0,0,0
3385,1,F,North European - White,31,M,0,0,0
6507,1,M,North European - White,31,M,0,0,0
7714,0,M,North European - White,31,M,0,0,0
8304,0,M,North European - White,31,M,0,0,0
8304,0,M,North European - White,31,M,0,0,0
9381,1,M,North European - White,31,M,0,0,0
9616,0,M,North European - White,31,M,0,0,0
10258,1,M,North European - White,31,H,0,0,0
10993,1,M,North European - White,31,H,0,0,0
11030,1,F,North European - White,31,M,0,0,0
11163,0,M,North European - White,31,M,0,0,0
11356,0,M,North European - White,31,M,0,0,0
11639,1,F,North European - White,31,M,0,0,0
12086,1,M,North European - White,31,M,0,0,0
12113,1,M,North European - White,31,H,0,0,0
12323,0,M,North European - White,31,M,0,0,0
12652,0,M,North European - White,31,H,0,0,0
684,1,M,North European - White,31,H,1,0,0
2639,0,F,North European - White,31,M,1,0,3
11277,0,M,North European - White,31,M,1,0,2
1631,0,M,North European - White,31,H,2,0,5
3380,1,M,North European - White,31,H,1,1,3
1524,1,M,North European - White,31,M,2,2,4
4452,1,M,North European - White,31,S,0,0,0
5078,0,M,North European - White,31,S,0,0,0
5178,1,M,North European - White,31,S,0,0,0
6300,1,F,North European - White,31,S,0,0,0
6741,1,M,North European - White,31,S,0,0,0
11490,1,M,North European - White,31,S,0,0,0
11660,1,M,North European - White,31,S,0,0,0
12048,1,M,North European - White,31,S,0,0,0
12048,1,M,North European - White,31,S,0,0,0
12280,1,F,North European - White,31,S,0,0,0
12655,1,M,North European - White,31,S,0,0,0
10502,1,M,North European - White,31,S,1,0,3
11082,0,M,North European - White,31,S,1,0,5
4569,0,M,North European - White,31,S,2,0,4
4569,0,M,North European - White,31,S,2,0,1
11647,1,F,North European - White,31,S,1,1,5
141,0,M,North European - White,32,M,0,0,0
1017,0,F,North European - White,32,M,0,0,0
1425,0,F,North European - White,32,M,0,0,0
1664,0,M,North European - White,32,H,0,0,0
2486,1,M,North European - White,32,M,0,0,0
5472,0,M,North European - White,32,H,0,0,0
6468,0,F,North European - White,32,M,0,0,0
7260,0,F,North European - White,32,M,0,0,0
7378,1,M,North European - White,32,M,0,0,0
9163,0,M,North European - White,32,H,0,0,0
11298,1,M,North European - White,32,M,0,0,0
11347,1,F,North European - White,32,M,0,0,0
11353,0,F,North European - White,32,M,0,0,0
11643,1,M,North European - White,32,M,0,0,0
11919,0,M,North European - White,32,H,0,0,0
12160,0,M,North European - White,32,M,0,0,0
12160,0,M,North European - White,32,M,0,0,0
3726,0,M,North European - White,32,H,1,0,5
12597,0,M,North European - White,32,M,1,0,4
12584,1,F,North European - White,32,M,1,1,0
984,0,M,North European - White,32,Unknown,0,0,0
1053,0,M,North European - White,32,S,0,0,0
1189,1,M,North European - White,32,S,0,0,0
4652,1,M,North European - White,32,S,0,0,0
6331,1,M,North European - White,32,S,0,0,0
7830,0,F,North European - White,32,S,0,0,0
9603,0,M,North European - White,32,S,0,0,0
10166,0,F,North European - White,32,S,0,0,0
10199,1,F,North European - White,32,S,0,0,0
11503,1,M,North European - White,32,S,0,0,0
11530,1,M,North European - White,32,S,0,0,0
11530,1,M,North European - White,32,S,0,0,0
11918,1,F,North European - White,32,S,0,0,0
12535,1,M,North European - White,32,S,0,0,0
846,0,M,North European - White,32,Unknown,1,0,5
9863,0,M,North European - White,32,S,2,0,5
9863,1,M,North European - White,32,S,2,0,5
4418,0,M,North European - White,32,S,1,1,5
4593,0,F,North European - White,32,S,1,1,3
2222,0,F,North European - White,33,M,0,0,0
2347,0,M,North European - White,33,M,0,0,0
3036,1,M,North European - White,33,H,0,0,0
3443,0,M,North European - White,33,M,0,0,0
4580,0,M,North European - White,33,H,0,0,0
8826,0,M,North European - White,33,H,0,0,0
10140,1,M,North European - White,33,H,0,0,0
10237,1,F,North European - White,33,M,0,0,0
10596,0,M,North European - White,33,M,0,0,0
11151,1,M,North European - White,33,M,0,0,0
11487,1,M,North European - White,33,H,0,0,0
11636,1,F,North European - White,33,H,0,0,0
11789,0,F,North European - White,33,M,0,0,0
12183,1,M,North European - White,33,M,0,0,0
1464,0,F,North European - White,33,M,2,0,3
4820,1,M,North European - White,33,M,2,2,3
3209,0,M,North European - White,33,S,0,0,0
3471,1,M,North European - White,33,S,0,0,0
4659,1,M,North European - White,33,S,0,0,0
9085,0,M,North European - White,33,S,0,0,0
9465,1,M,North European - White,33,S,0,0,0
11080,1,M,North European - White,33,S,0,0,0
11239,0,F,North European - White,33,S,0,0,0
6670,0,M,North European - White,33,S,1,0,1
438,1,M,North European - White,33,S,1,1,0
11208,1,M,North European - White,33,S,1,1,4
11296,1,M,North European - White,33,S,2,2,5
11296,1,M,North European - White,33,S,2,2,1
705,1,M,North European - White,34,H,0,0,0
1502,0,M,North European - White,34,M,0,0,0
1502,0,M,North European - White,34,M,0,0,0
2839,1,M,North European - White,34,H,0,0,0
4059,1,M,North European - White,34,H,0,0,0
8233,0,M,North European - White,34,H,0,0,0
9287,1,M,North European - White,34,H,0,0,0
11459,1,M,North European - White,34,H,0,0,0
11529,1,M,North European - White,34,M,0,0,0
12234,0,M,North European - White,34,M,0,0,0
990,0,M,North European - White,34,H,1,0,4
11897,0,M,North European - White,34,H,1,0,3
12559,0,M,North European - White,34,M,1,0,5
10953,0,M,North European - White,34,H,1,1,4
12659,0,M,North European - White,34,M,1,1,5
110,1,F,North European - White,34,Unknown,0,0,0
848,1,M,North European - White,34,S,0,0,0
2948,1,M,North European - White,34,S,0,0,0
3919,1,F,North European - White,34,S,0,0,0
3930,0,F,North European - White,34,S,0,0,0
7156,0,M,North European - White,34,S,0,0,0
10970,1,M,North European - White,34,S,0,0,0
11266,0,F,North European - White,34,S,0,0,0
11513,1,M,North European - White,34,S,0,0,0
11744,1,F,North European - White,34,S,0,0,0
12002,1,F,North European - White,34,S,0,0,0
12157,1,F,North European - White,34,S,0,0,0
12258,1,M,North European - White,34,S,0,0,0
12310,1,F,North European - White,34,S,0,0,0
1638,1,M,North European - White,35,H,0,0,0
5659,0,F,North European - White,35,H,0,0,0
7720,1,M,North European - White,35,H,0,0,0
8669,1,F,North European - White,35,M,0,0,0
8967,0,M,North European - White,35,M,0,0,0
9354,1,M,North European - White,35,M,0,0,0
9695,0,M,North European - White,35,H,0,0,0
10712,0,M,North European - White,35,M,0,0,0
10807,0,M,North European - White,35,H,0,0,0
10982,1,F,North European - White,35,M,0,0,0
11155,1,M,North European - White,35,H,0,0,0
11801,1,M,North European - White,35,M,0,0,0
12562,0,M,North European - White,35,M,0,0,0
12658,1,F,North European - White,35,M,0,0,0
1165,1,M,North European - White,35,M,1,0,5
2204,0,M,North European - White,35,M,1,0,5
11482,1,M,North European - White,35,M,1,0,5
1361,1,M,North European - White,35,M,2,0,3
76,0,M,North European - White,35,M,3,1,5
1304,1,M,North European - White,35,S,0,0,0
3494,1,M,North European - White,35,S,0,0,0
3980,0,M,North European - White,35,S,0,0,0
4633,0,M,North European - White,35,S,0,0,0
9725,1,F,North European - White,35,S,0,0,0
9943,0,M,North European - White,35,S,0,0,0
10522,1,M,North European - White,35,S,0,0,0
11165,1,M,North European - White,35,S,0,0,0
11165,0,M,North European - White,35,S,0,0,0
11658,0,M,North European - White,35,S,0,0,0
11852,1,F,North European - White,35,S,0,0,0
12662,0,M,North European - White,35,S,0,0,0
7886,1,M,North European - White,35,S,1,0,1
11846,0,M,North European - White,35,S,1,0,4
12066,0,M,North European - White,35,S,1,1,5
2221,0,M,North European - White,35,S,2,2,4
2550,0,M,North European - White,36,M,0,0,0
2813,0,M,North European - White,36,M,0,0,0
4687,1,M,North European - White,36,M,0,0,0
5815,1,F,North European - White,36,M,0,0,0
6836,1,F,North European - White,36,H,0,0,0
7022,1,M,North European - White,36,H,0,0,0
7209,0,F,North European - White,36,H,0,0,0
7810,1,M,North European - White,36,M,0,0,0
11925,1,M,North European - White,36,H,0,0,0
12460,1,M,North European - White,36,H,0,0,0
12658,1,F,North European - White,36,H,0,0,0
158,0,M,North European - White,36,M,1,0,3
1970,1,M,North European - White,36,M,1,0,0
84,1,M,North European - White,36,S,0,0,0
950,0,F,North European - White,36,S,0,0,0
3424,1,F,North European - White,36,S,0,0,0
4105,1,M,North European - White,36,S,0,0,0
5415,1,F,North European - White,36,S,0,0,0
5587,1,M,North European - White,36,S,0,0,0
8078,0,F,North European - White,36,S,0,0,0
8414,1,F,North European - White,36,S,0,0,0
8955,1,F,North European - White,36,S,0,0,0
10104,0,M,North European - White,36,S,0,0,0
10113,1,M,North European - White,36,S,0,0,0
11135,0,M,North European - White,36,S,0,0,0
11776,1,M,North European - White,36,S,0,0,0
12527,0,M,North European - White,36,S,0,0,0
1534,1,F,North European - White,36,S,1,0,1
358,1,M,North European - White,37,H,0,0,0
1858,1,M,North European - White,37,H,0,0,0
2491,1,M,North European - White,37,H,0,0,0
3185,1,F,North European - White,37,H,0,0,0
3257,1,M,North European - White,37,H,0,0,0
3863,1,M,North European - White,37,H,0,0,0
4065,1,M,North European - White,37,M,0,0,0
4198,1,M,North European - White,37,H,0,0,0
4336,0,M,North European - White,37,M,0,0,0
4522,0,M,North European - White,37,M,0,0,0
5788,1,M,North European - White,37,M,0,0,0
6558,0,M,North European - White,37,M,0,0,0
8340,0,M,North European - White,37,H,0,0,0
10041,1,M,North European - White,37,M,0,0,0
11200,1,M,North European - White,37,M,0,0,0
11566,1,M,North European - White,37,H,0,0,0
11680,1,M,North European - White,37,M,0,0,0
12638,0,M,North European - White,37,M,0,0,0
4677,0,F,North European - White,37,M,1,0,2
10590,0,M,North European - White,37,M,1,0,1
474,1,F,North European - White,37,S,0,0,0
1907,0,M,North European - White,37,S,0,0,0
11733,1,M,North European - White,37,S,0,0,0
12057,0,M,North European - White,37,S,0,0,0
12057,0,M,North European - White,37,S,0,0,0
12173,0,M,North European - White,37,S,0,0,0
12363,1,F,North European - White,37,S,0,0,0
4820,0,M,North European - White,37,S,2,2,4
2474,1,F,North European - White,38,H,0,0,0
4136,1,M,North European - White,38,M,0,0,0
5965,0,M,North European - White,38,H,0,0,0
6864,1,M,North European - White,38,H,0,0,0
8312,1,M,North European - White,38,M,0,0,0
8312,1,M,North European - White,38,M,0,0,0
8836,1,M,North European - White,38,H,0,0,0
9213,0,M,North European - White,38,M,0,0,0
10145,1,M,North European - White,38,M,0,0,0
11573,0,F,North European - White,38,M,0,0,0
2197,1,M,North European - White,38,H,1,0,5
2682,0,F,North European - White,38,H,1,0,4
11044,1,M,North European - White,38,M,1,0,5
1530,1,M,North European - White,38,M,1,1,4
9777,1,M,North European - White,38,H,1,1,5
466,1,M,North European - White,38,S,0,0,0
2080,1,M,North European - White,38,S,0,0,0
3662,1,M,North European - White,38,S,0,0,0
5402,1,M,North European - White,38,S,0,0,0
8588,0,F,North European - White,38,S,0,0,0
12307,1,F,North European - White,38,S,0,0,0
12499,1,M,North European - White,38,S,0,0,0
12628,1,M,North European - White,38,S,0,0,0
3866,1,M,North European - White,39,H,0,0,0
4137,1,M,North European - White,39,H,0,0,0
7044,0,F,North European - White,39,M,0,0,0
8524,1,F,North European - White,39,H,0,0,0
11146,0,M,North European - White,39,H,0,0,0
11146,0,M,North European - White,39,H,0,0,0
11243,0,M,North European - White,39,H,0,0,0
11243,1,M,North European - White,39,H,0,0,0
11791,0,M,North European - White,39,M,0,0,0
12058,0,F,North European - White,39,M,0,0,0
12092,0,M,North European - White,39,H,0,0,0
12429,1,M,North European - White,39,H,0,0,0
12558,1,M,North European - White,39,M,0,0,0
12640,0,F,North European - White,39,M,0,0,0
159,0,M,North European - White,39,M,1,0,1
12210,0,M,North European - White,39,H,1,0,0
1361,0,M,North European - White,39,H,2,0,2
2027,1,M,North European - White,39,H,1,1,0
2934,1,M,North European - White,39,S,0,0,0
4254,0,F,North European - White,39,S,0,0,0
6311,1,M,North European - White,39,S,0,0,0
7060,1,M,North European - White,39,S,0,0,0
7459,0,M,North European - White,39,S,0,0,0
11400,0,M,North European - White,39,S,0,0,0
12579,1,M,North European - White,39,S,0,0,0
12657,0,M,North European - White,39,S,0,0,0
395,0,M,North European - White,39,S,1,0,5
5553,1,F,North European - White,39,S,2,0,1
228,1,M,North European - White,40,M,0,0,0
733,1,F,North European - White,40,M,0,0,0
788,1,M,North European - White,40,H,0,0,0
869,0,M,North European - White,40,H,0,0,0
2646,0,F,North European - White,40,M,0,0,0
5485,0,M,North European - White,40,M,0,0,0
7361,0,M,North European - White,40,M,0,0,0
10003,0,F,North European - White,40,H,0,0,0
10571,1,M,North European - White,40,H,0,0,0
12313,1,F,North European - White,40,M,0,0,0
12568,0,F,North European - White,40,M,0,0,0
678,0,M,North European - White,40,M,4,2,4
474,1,F,North European - White,40,S,0,0,0
646,1,M,North European - White,40,S,0,0,0
1122,0,F,North European - White,40,S,0,0,0
7473,0,M,North European - White,40,S,0,0,0
7509,1,F,North European - White,40,S,0,0,0
7875,0,M,North European - White,40,S,0,0,0
7950,0,M,North European - White,40,S,0,0,0
8267,0,F,North European - White,40,S,0,0,0
8591,1,F,North European - White,40,S,0,0,0
9009,0,M,North European - White,40,S,0,0,0
9523,1,M,North European - White,40,S,0,0,0
9711,0,M,North European - White,40,S,0,0,0
9711,0,M,North European - White,40,S,0,0,0
11134,1,M,North European - White,40,S,0,0,0
11393,0,M,North European - White,40,S,0,0,0
11832,1,F,North European - White,40,S,0,0,0
11866,0,M,North European - White,40,S,0,0,0
12125,1,M,North European - White,40,S,0,0,0
12308,1,F,North European - White,40,S,0,0,0
1979,0,M,North European - White,41,H,0,0,0
4710,0,M,North European - White,41,M,0,0,0
5051,0,F,North European - White,41,M,0,0,0
5893,0,M,North European - White,41,M,0,0,0
6921,1,M,North European - White,41,M,0,0,0
9768,1,M,North European - White,41,M,0,0,0
10968,0,F,North European - White,41,H,0,0,0
11814,1,M,North European - White,41,M,0,0,0
11930,1,F,North European - White,41,H,0,0,0
12148,0,M,North European - White,41,H,0,0,0
12249,1,M,North European - White,41,H,0,0,0
12292,1,F,North European - White,41,M,0,0,0
12332,1,M,North European - White,41,H,0,0,0
12581,1,F,North European - White,41,M,0,0,0
2411,0,F,North European - White,41,S,0,0,0
4202,1,M,North European - White,41,S,0,0,0
4272,1,M,North European - White,41,S,0,0,0
6393,0,F,North European - White,41,S,0,0,0
7636,0,F,North European - White,41,S,0,0,0
9681,1,M,North European - White,41,S,0,0,0
11837,1,F,North European - White,41,S,0,0,0
12530,0,M,North European - White,41,S,0,0,0
10886,0,F,North European - White,41,S,1,0,3
11974,1,M,North European - White,41,S,2,0,5
641,0,M,North European - White,42,M,0,0,0
864,0,F,North European - White,42,M,0,0,0
3915,0,M,North European - White,42,H,0,0,0
7456,0,M,North European - White,42,M,0,0,0
11488,0,M,North European - White,42,H,0,0,0
11488,0,M,North European - White,42,H,0,0,0
11555,0,M,North European - White,42,M,0,0,0
12135,1,M,North European - White,42,H,0,0,0
13,0,M,North European - White,42,S,0,0,0
1196,1,F,North European - White,42,S,0,0,0
1710,0,M,North European - White,42,S,0,0,0
1710,1,M,North European - White,42,S,0,0,0
4032,1,M,North European - White,42,S,0,0,0
4302,0,M,North European - White,42,S,0,0,0
5583,1,F,North European - White,42,S,0,0,0
6372,0,F,North European - White,42,S,0,0,0
6961,1,M,North European - White,42,S,0,0,0
8588,0,F,North European - White,42,S,0,0,0
9022,0,M,North European - White,42,S,0,0,0
10305,0,M,North European - White,42,S,0,0,0
10365,1,F,North European - White,42,S,0,0,0
11256,0,M,North European - White,42,S,0,0,0
1842,1,F,North European - White,42,Unknown,1,0,4
5425,0,F,North European - White,42,S,1,0,3
2538,1,M,North European - White,43,H,0,0,0
2538,0,M,North European - White,43,H,0,0,0
3169,0,M,North European - White,43,H,0,0,0
4039,0,F,North European - White,43,H,0,0,0
7962,1,M,North European - White,43,M,0,0,0
8489,1,M,North European - White,43,H,0,0,0
10543,0,M,North European - White,43,M,0,0,0
10828,1,M,North European - White,43,M,0,0,0
11305,0,M,North European - White,43,M,0,0,0
11929,1,M,North European - White,43,M,0,0,0
12342,0,M,North European - White,43,M,0,0,0
12443,0,F,North European - White,43,M,0,0,0
1111,1,F,North European - White,43,M,1,0,4
1326,0,M,North European - White,43,M,1,0,5
2076,1,M,North European - White,43,H,1,0,0
1001,0,M,North European - White,43,M,1,1,4
392,1,M,North European - White,43,S,0,0,0
863,0,F,North European - White,43,S,0,0,0
2103,1,M,North European - White,43,S,0,0,0
2653,0,M,North European - White,43,S,0,0,0
6270,0,M,North European - White,43,S,0,0,0
6270,0,M,North European - White,43,S,0,0,0
6674,1,F,North European - White,43,S,0,0,0
12162,1,M,North European - White,43,S,0,0,0
12345,0,M,North European - White,43,S,0,0,0
3569,0,F,North European - White,43,S,1,0,0
6231,1,M,North European - White,43,S,1,1,3
64,0,M,North European - White,44,M,0,0,0
4139,1,M,North European - White,44,H,0,0,0
6120,0,F,North European - White,44,H,0,0,0
8764,0,M,North European - White,44,M,0,0,0
11796,0,F,North European - White,44,M,0,0,0
11849,0,M,North European - White,44,M,0,0,0
12276,0,F,North European - White,44,H,0,0,0
12612,1,M,North European - White,44,M,0,0,0
1533,0,M,North European - White,44,H,1,0,3
7000,1,M,North European - White,44,M,1,0,2
1914,0,F,North European - White,44,S,0,0,0
4320,0,M,North European - White,44,S,0,0,0
8448,0,F,North European - White,44,S,0,0,0
9990,0,F,North European - White,44,S,0,0,0
10793,0,F,North European - White,44,S,0,0,0
11159,0,F,North European - White,44,S,0,0,0
11224,1,M,North European - White,44,S,0,0,0
11659,1,F,North European - White,44,S,0,0,0
12186,0,M,North European - White,44,S,0,0,0
12606,1,M,North European - White,44,S,0,0,0
3956,1,F,North European - White,44,S,1,0,3
6308,0,F,North European - White,44,S,1,0,0
362,0,M,North European - White,45,M,0,0,0
1715,0,M,North European - White,45,M,0,0,0
2462,0,M,North European - White,45,M,0,0,0
5142,0,M,North European - White,45,H,0,0,0
10567,1,M,North European - White,45,H,0,0,0
11793,1,M,North European - White,45,H,0,0,0
12040,1,M,North European - White,45,M,0,0,0
12309,1,M,North European - White,45,M,0,0,0
12325,1,M,North European - White,45,H,0,0,0
12398,1,M,North European - White,45,H,0,0,0
11340,0,M,North European - White,45,H,1,0,4
2419,1,F,North European - White,45,S,0,0,0
2443,1,M,North European - White,45,S,0,0,0
7230,0,M,North European - White,45,S,0,0,0
7985,1,M,North European - White,45,S,0,0,0
10546,0,M,North European - White,45,S,0,0,0
10779,1,M,North European - White,45,S,0,0,0
11183,0,F,North European - White,45,S,0,0,0
11344,1,M,North European - White,45,S,0,0,0
11354,1,M,North European - White,45,S,0,0,0
11671,0,M,North European - White,45,S,0,0,0
12618,0,F,North European - White,45,S,0,0,0
10412,1,M,North European - White,45,S,1,1,0
10758,0,M,North European - White,45,S,1,1,2
11441,1,F,North European - White,45,S,1,1,3
3339,0,M,North European - White,46,H,0,0,0
7119,1,M,North European - White,46,M,0,0,0
7355,0,M,North European - White,46,M,0,0,0
8691,0,F,North European - White,46,M,0,0,0
9645,1,F,North European - White,46,M,0,0,0
9658,0,F,North European - White,46,M,0,0,0
11320,0,F,North European - White,46,M,0,0,0
11625,1,M,North European - White,46,H,0,0,0
12011,1,M,North European - White,46,M,0,0,0
12274,0,M,North European - White,46,M,0,0,0
12327,0,M,North European - White,46,H,0,0,0
12542,1,M,North European - White,46,H,0,0,0
6789,0,M,North European - White,46,M,2,0,1
521,0,F,North European - White,46,S,0,0,0
2514,0,F,North European - White,46,S,0,0,0
5073,1,M,North European - White,46,S,0,0,0
9658,1,F,North European - White,46,S,0,0,0
10940,1,M,North European - White,46,S,0,0,0
11498,0,F,North European - White,46,S,0,0,0
11598,0,M,North European - White,46,S,0,0,0
12031,0,M,North European - White,46,S,0,0,0
12270,1,M,North European - White,46,S,0,0,0
12649,0,M,North European - White,46,S,0,0,0
4232,0,M,North European - White,46,S,1,0,2
6996,1,F,North European - White,46,S,2,0,1
6996,0,F,North European - White,46,S,2,0,0
39,0,M,North European - White,47,M,0,0,0
2908,0,F,North European - White,47,H,0,0,0
3179,0,F,North European - White,47,M,0,0,0
4589,0,M,North European - White,47,M,0,0,0
6338,0,F,North European - White,47,M,0,0,0
7730,0,M,North European - White,47,M,0,0,0
9838,0,F,North European - White,47,M,0,0,0
10269,0,M,North European - White,47,M,0,0,0
10269,0,M,North European - White,47,M,0,0,0
11358,0,F,North European - White,47,M,0,0,0
11526,0,M,North European - White,47,M,0,0,0
7116,1,M,North European - White,47,M,1,0,1
3613,0,M,North European - White,47,M,2,2,1
2994,1,F,North European - White,47,S,0,0,0
4804,1,M,North European - White,47,S,0,0,0
7210,0,M,North European - White,47,S,0,0,0
7210,1,M,North European - White,47,S,0,0,0
8271,0,F,North European - White,47,S,0,0,0
8356,0,F,North European - White,47,S,0,0,0
10139,0,F,North European - White,47,S,0,0,0
10383,0,M,North European - White,47,S,0,0,0
10473,1,F,North European - White,47,S,0,0,0
11596,1,M,North European - White,47,S,0,0,0
11827,0,F,North European - White,47,S,0,0,0
11941,1,M,North European - White,47,S,0,0,0
12344,0,F,North European - White,47,S,0,0,0
